document_id,pii_id,pii_type,priority,strong,risk_adaptive,delta,ra_action
X51005268275,X51005268275_PII_01,PERSON_NAME,P3_HIGH,1.0,0.55,-0.44999999999999996,PARTIAL_MASK
X51005268275,X51005268275_PII_02,PHONE,P3_HIGH,1.0,1.0,0.0,TOKENIZE
X51005268275,X51005268275_PII_03,ADDRESS_FULL,P3_HIGH,1.0,1.0,0.0,FULL_MASK
X51005268275,X51005268275_PII_04,PAYMENT_CARD,P4_CRITICAL,1.0,1.0,0.0,FULL_MASK
X51005337877,X51005337877_PII_01,TRANSACTION_ID,P3_HIGH,1.0,1.0,0.0,TOKENIZE
X51005337877,X51005337877_PII_02,PAYMENT_CARD,P4_CRITICAL,1.0,1.0,0.0,FULL_MASK
X51005361906,X51005361906_PII_01,TRANSACTION_ID,P3_HIGH,1.0,1.0,0.0,TOKENIZE
X51005361906,X51005361906_PII_02,PAYMENT_CARD,P4_CRITICAL,1.0,1.0,0.0,FULL_MASK
X51005442366,X51005442366_PII_01,PHONE,P3_HIGH,1.0,1.0,0.0,TOKENIZE
X51005442366,X51005442366_PII_02,EMAIL,P3_HIGH,1.0,1.0,0.0,TOKENIZE
X51005442366,X51005442366_PII_03,ADDRESS_FULL,P3_HIGH,1.0,1.0,0.0,FULL_MASK
X51005442382,X51005442382_PII_01,TRANSACTION_ID,P3_HIGH,1.0,1.0,0.0,TOKENIZE
X51005442382,X51005442382_PII_02,PAYMENT_CARD,P4_CRITICAL,1.0,1.0,0.0,FULL_MASK
X51005568889,X51005568889_PII_01,PERSON_NAME,P3_HIGH,1.0,1.0,0.0,TOKENIZE
X51005568889,X51005568889_PII_02,MEMBER_ID,P4_CRITICAL,1.0,1.0,0.0,TOKENIZE
X51005675099,X51005675099_PII_01,PERSON_NAME,P3_HIGH,1.0,0.5513392857142857,-0.4486607142857143,PARTIAL_MASK
X51005675099,X51005675099_PII_02,PHONE,P3_HIGH,1.0,1.0,0.0,TOKENIZE
X51005675099,X51005675099_PII_03,ADDRESS_FULL,P3_HIGH,1.0,1.0,0.0,FULL_MASK
X51005675099,X51005675099_PII_04,PAYMENT_CARD,P4_CRITICAL,1.0,1.0,0.0,FULL_MASK
X51005676537,X51005676537_PII_01,PHONE,P3_HIGH,1.0,1.0,0.0,TOKENIZE
X51005676537,X51005676537_PII_02,EMAIL,P3_HIGH,1.0,1.0,0.0,TOKENIZE
X51005676537,X51005676537_PII_03,ADDRESS_FULL,P3_HIGH,1.0,1.0,0.0,FULL_MASK
X51005676542,X51005676542_PII_01,PHONE,P3_HIGH,1.0,1.0,0.0,TOKENIZE
X51005676542,X51005676542_PII_02,EMAIL,P3_HIGH,1.0,1.0,0.0,TOKENIZE
X51005676542,X51005676542_PII_03,ADDRESS_FULL,P3_HIGH,1.0,1.0,0.0,FULL_MASK
X51005719823,X51005719823_PII_01,PERSON_NAME,P3_HIGH,1.0,1.0,0.0,TOKENIZE
X51005719823,X51005719823_PII_02,PHONE,P3_HIGH,1.0,0.5510204081632653,-0.44897959183673475,PARTIAL_MASK
X51005719823,X51005719823_PII_03,ADDRESS_FULL,P3_HIGH,1.0,1.0,0.0,FULL_MASK
X51005719823,X51005719823_PII_04,PAYMENT_CARD,P4_CRITICAL,1.0,1.0,0.0,FULL_MASK
X51005719863,X51005719863_PII_01,PERSON_NAME,P3_HIGH,1.0,0.5501066098081023,-0.44989339019189767,PARTIAL_MASK
X51005719863,X51005719863_PII_02,PHONE,P3_HIGH,1.0,1.0,0.0,TOKENIZE
X51005719863,X51005719863_PII_03,ADDRESS_FULL,P3_HIGH,1.0,1.0,0.0,FULL_MASK
X51005719863,X51005719863_PII_04,PAYMENT_CARD,P4_CRITICAL,1.0,1.0,0.0,FULL_MASK
X51005724624,X51005724624_PII_01,PHONE,P3_HIGH,1.0,1.0,0.0,TOKENIZE
X51005724624,X51005724624_PII_02,EMAIL,P3_HIGH,1.0,1.0,0.0,TOKENIZE
X51005724624,X51005724624_PII_03,ADDRESS_FULL,P3_HIGH,1.0,1.0,0.0,FULL_MASK
X51005724625,X51005724625_PII_01,PERSON_NAME,P3_HIGH,1.0,1.0,0.0,TOKENIZE
X51005724625,X51005724625_PII_02,PHONE,P3_HIGH,1.0,0.553314121037464,-0.446685878962536,PARTIAL_MASK
X51005724625,X51005724625_PII_03,ADDRESS_FULL,P3_HIGH,1.0,1.0,0.0,FULL_MASK
X51005724625,X51005724625_PII_04,PAYMENT_CARD,P4_CRITICAL,1.0,1.0,0.0,FULL_MASK
X51005746204,X51005746204_PII_01,PERSON_NAME,P3_HIGH,1.0,1.0,0.0,TOKENIZE
X51005746204,X51005746204_PII_02,MEMBER_ID,P4_CRITICAL,1.0,1.0,0.0,TOKENIZE
X51006311714,X51006311714_PII_01,PHONE,P3_HIGH,1.0,1.0,0.0,TOKENIZE
X51006311714,X51006311714_PII_02,EMAIL,P3_HIGH,1.0,1.0,0.0,TOKENIZE
X51006311714,X51006311714_PII_03,ADDRESS_FULL,P3_HIGH,1.0,1.0,0.0,FULL_MASK
X51006327953,X51006327953_PII_01,PERSON_NAME,P3_HIGH,1.0,1.0,0.0,TOKENIZE
X51006327953,X51006327953_PII_02,PHONE,P3_HIGH,1.0,0.5478927203065134,-0.45210727969348663,PARTIAL_MASK
X51006327953,X51006327953_PII_03,ADDRESS_FULL,P3_HIGH,1.0,1.0,0.0,FULL_MASK
X51006327953,X51006327953_PII_04,PAYMENT_CARD,P4_CRITICAL,1.0,1.0,0.0,FULL_MASK
X51006349083,X51006349083_PII_01,TRANSACTION_ID,P3_HIGH,1.0,1.0,0.0,TOKENIZE
X51006349083,X51006349083_PII_02,PAYMENT_CARD,P4_CRITICAL,1.0,1.0,0.0,FULL_MASK
X51006556657,X51006556657_PII_01,PERSON_NAME,P3_HIGH,1.0,1.0,0.0,TOKENIZE
X51006556657,X51006556657_PII_02,MEMBER_ID,P4_CRITICAL,1.0,1.0,0.0,TOKENIZE
X51006557209,X51006557209_PII_01,PERSON_NAME,P3_HIGH,1.0,1.0,0.0,TOKENIZE
X51006557209,X51006557209_PII_02,MEMBER_ID,P4_CRITICAL,1.0,1.0,0.0,TOKENIZE
X51006557507,X51006557507_PII_01,PERSON_NAME,P3_HIGH,1.0,1.0,0.0,TOKENIZE
X51006557507,X51006557507_PII_02,MEMBER_ID,P4_CRITICAL,1.0,1.0,0.0,TOKENIZE
X51006913018,X51006913018_PII_01,PERSON_NAME,P3_HIGH,1.0,0.5503472222222222,-0.4496527777777778,PARTIAL_MASK
X51006913018,X51006913018_PII_02,PHONE,P3_HIGH,1.0,1.0,0.0,TOKENIZE
X51006913018,X51006913018_PII_03,ADDRESS_FULL,P3_HIGH,1.0,1.0,0.0,FULL_MASK
X51006913018,X51006913018_PII_04,PAYMENT_CARD,P4_CRITICAL,1.0,1.0,0.0,FULL_MASK
X51006913061,X51006913061_PII_01,TRANSACTION_ID,P3_HIGH,1.0,1.0,0.0,TOKENIZE
X51006913061,X51006913061_PII_02,PAYMENT_CARD,P4_CRITICAL,1.0,1.0,0.0,FULL_MASK
X51007103687,X51007103687_PII_01,PERSON_NAME,P3_HIGH,1.0,1.0,0.0,TOKENIZE
X51007103687,X51007103687_PII_02,MEMBER_ID,P4_CRITICAL,1.0,1.0,0.0,TOKENIZE
X51007231276,X51007231276_PII_01,TRANSACTION_ID,P3_HIGH,1.0,1.0,0.0,TOKENIZE
X51007231276,X51007231276_PII_02,PAYMENT_CARD,P4_CRITICAL,1.0,1.0,0.0,FULL_MASK
X51007339105,X51007339105_PII_01,PHONE,P3_HIGH,1.0,1.0,0.0,TOKENIZE
X51007339105,X51007339105_PII_02,EMAIL,P3_HIGH,1.0,1.0,0.0,TOKENIZE
X51007339105,X51007339105_PII_03,ADDRESS_FULL,P3_HIGH,1.0,1.0,0.0,FULL_MASK
X51007339159,X51007339159_PII_01,PHONE,P3_HIGH,1.0,1.0,0.0,TOKENIZE
X51007339159,X51007339159_PII_02,EMAIL,P3_HIGH,1.0,1.0,0.0,TOKENIZE
X51007339159,X51007339159_PII_03,ADDRESS_FULL,P3_HIGH,1.0,1.0,0.0,FULL_MASK
X51007846268,X51007846268_PII_01,TRANSACTION_ID,P3_HIGH,1.0,1.0,0.0,TOKENIZE
X51007846268,X51007846268_PII_02,PAYMENT_CARD,P4_CRITICAL,1.0,1.0,0.0,FULL_MASK
X51008030563,X51008030563_PII_01,PERSON_NAME,P3_HIGH,1.0,1.0,0.0,TOKENIZE
X51008030563,X51008030563_PII_02,MEMBER_ID,P4_CRITICAL,1.0,1.0,0.0,TOKENIZE
