document_id,original35,entities,strong_coverage_sum,ra_coverage_sum,strong_page_area,ra_page_area
X00016469670,0,4,4,4,0.008494354008726281,0.008494354008726281
X00016469671,0,4,4,4,0.00740631471131794,0.00740631471131794
X51005200931,0,4,4,4,0.010231531510817833,0.010231531510817833
X51005230605,0,2,2,2,0.019673720740337505,0.019673720740337505
X51005230616,0,2,2,2,0.024129098360655736,0.024129098360655736
X51005230621,0,3,3,3,0.025252212309238076,0.025252212309238076
X51005230648,0,3,3,3,0.0274266862170088,0.0274266862170088
X51005230657,0,3,3,3,0.018930666108085463,0.018930666108085463
X51005230659,0,0,0,0,0.0,0.0
X51005268275,1,4,4,4,0.01670127383467099,0.01670127383467099
X51005268408,0,2,2,2,0.022642381203024062,0.022642381203024062
X51005288570,0,0,0,0,0.0,0.0
X51005337867,0,3,3,3,0.024102649805953242,0.024102649805953242
X51005337877,1,2,2,2,0.002759423812055391,0.002759423812055391
X51005361906,1,2,2,2,0.0030707942138792662,0.0030707942138792662
X51005361908,0,3,3,3,0.008572633847079618,0.008572633847079618
X51005361912,0,2,2,2,0.011729430098830214,0.011729430098830214
X51005361923,0,2,2,2,0.005560848537827052,0.005560848537827052
X51005365187,0,4,4,4,0.011016544299585165,0.011016544299585165
X51005433518,0,2,2,2,0.0027547357442576827,0.0027547357442576827
X51005433543,0,2,2,2,0.00320890635232482,0.00320890635232482
X51005433548,0,3,3,3,0.00868078294404424,0.00868078294404424
X51005433556,0,4,4,4,0.01063571757743336,0.01063571757743336
X51005442322,0,3,3,3,0.01039074437895656,0.01039074437895656
X51005442334,0,2,2,2,0.0032407407407407406,0.0032407407407407406
X51005442343,0,3,3,3,0.006605180819326203,0.006605180819326203
X51005442366,1,3,3,3,0.008390294745006787,0.008390294745006787
X51005442375,0,2,2,2,0.002752932906728718,0.002752932906728718
X51005442382,1,2,2,2,0.002752932906728718,0.002752932906728718
X51005442388,0,2,2,2,0.004436930385883266,0.004436930385883266
X51005444040,0,2,2,2,0.009429600085985949,0.009429600085985949
X51005444041,0,2,2,2,0.008071627045384378,0.008071627045384378
X51005444044,0,2,2,2,0.020904834242918675,0.020904834242918675
X51005444046,0,2,2,2,0.001998194074696807,0.001998194074696807
X51005447841,0,2,2,2,0.01702432045779685,0.01702432045779685
X51005447842,0,2,2,2,0.016353847878209003,0.016353847878209003
X51005447844,0,2,2,2,0.015113147123072681,0.015113147123072681
X51005447851,0,2,2,2,0.016397442512509977,0.016397442512509977
X51005447859,0,2,2,2,0.013736084181172524,0.013736084181172524
X51005568855,0,4,4,4,0.020463300781392232,0.020463300781392232
X51005568866,0,3,3,3,0.025603770245978746,0.025603770245978746
X51005568885,0,2,2,2,0.011287263774287995,0.011287263774287995
X51005568887,0,2,2,2,0.005583361138916694,0.005583361138916694
X51005568889,1,2,2,2,0.00378895243176551,0.00378895243176551
X51005568890,0,2,2,2,0.0027724318745990574,0.0027724318745990574
X51005568892,0,2,2,2,0.012532005689900427,0.012532005689900427
X51005568894,0,4,4,4,0.02175968685402648,0.02175968685402648
X51005568895,0,3,3,3,0.028094468376503937,0.028094468376503937
X51005577191,0,4,4,4,0.027715950877679873,0.027715950877679873
X51005582745,0,4,4,4,0.033606826597380485,0.033606826597380485
X51005587261,0,2,2,2,0.015295154399948772,0.015295154399948772
X51005605287,0,2,2,2,0.01814800866208455,0.01814800866208455
X51005605295,0,0,0,0,0.0,0.0
X51005605332,0,3,3,3,0.002192528024919953,0.002192528024919953
X51005621482,0,2,2,2,0.007822649572649573,0.007822649572649573
X51005663274,0,2,2,2,0.014260710924709728,0.014260710924709728
X51005663300,0,2,2,2,0.02087604822664196,0.02087604822664196
X51005663307,0,2,2,2,0.0028417689591390617,0.0028417689591390617
X51005663309,0,4,4,4,0.03400135755971862,0.03400135755971862
X51005663310,0,2,2,2,0.01690946732997634,0.01690946732997634
X51005663323,0,4,4,4,0.03279901240152286,0.03279901240152286
X51005675099,1,4,4,4,0.03538727864353141,0.03538727864353141
X51005675103,0,3,3,3,0.001638873628075857,0.001638873628075857
X51005675104,0,3,3,3,0.001515821639660649,0.001515821639660649
X51005675914,0,4,4,4,0.00605606651802304,0.00605606651802304
X51005676534,0,3,3,3,0.0012309749074454956,0.0012309749074454956
X51005676535,0,3,3,3,0.001868882829408245,0.001868882829408245
X51005676537,1,3,3,3,0.002529382501937173,0.002529382501937173
X51005676542,1,3,3,3,0.0014482392399272662,0.0014482392399272662
X51005676548,0,3,3,3,0.0018785622419278413,0.0018785622419278413
X51005677327,0,3,3,3,0.0019802321968956033,0.0019802321968956033
X51005677333,0,3,3,3,0.0030392035617116003,0.0030392035617116003
X51005677336,0,3,3,3,0.0013714120732382167,0.0013714120732382167
X51005677337,0,3,3,3,0.0024352053704280426,0.0024352053704280426
X510056849111,0,3,3,3,0.010528087037543982,0.010528087037543982
X51005705727,0,4,4,4,0.028312989676855308,0.028312989676855308
X51005705729,0,3,3,3,0.038010596999037624,0.038010596999037624
X51005705759,0,3,3,3,0.011608641594031981,0.011608641594031981
X51005705784,0,3,3,3,0.029473960939679963,0.029473960939679963
X51005710963,0,4,4,4,0.03377375296912114,0.03377375296912114
X51005711402,0,2,2,2,0.028327100267262834,0.028327100267262834
X51005711443,0,2,2,2,0.02244766294522722,0.02244766294522722
X51005711444,0,2,2,2,0.026328383151657867,0.026328383151657867
X51005711446,0,2,2,2,0.022921973236812998,0.022921973236812998
X51005711449,0,2,2,2,0.025724626730339116,0.025724626730339116
X51005715006,0,4,4,4,0.004430068941104203,0.004430068941104203
X51005715007,0,3,3,3,0.013927534084838364,0.013927534084838364
X51005715455,0,2,2,2,0.020491401898166773,0.020491401898166773
X51005719823,1,4,4,4,0.008548796951485728,0.008548796951485728
X51005719855,0,2,2,2,0.017647842570423816,0.017647842570423816
X51005719857,0,3,3,3,0.033039445352878186,0.033039445352878186
X51005719863,1,4,4,4,0.03507778607081215,0.03507778607081215
X51005719888,0,3,3,3,0.009767848430639128,0.009767848430639128
X51005719889,0,2,2,2,0.0050979641848808805,0.0050979641848808805
X51005719895,0,3,3,3,0.023626227655153275,0.023626227655153275
X51005719898,0,0,0,0,0.0,0.0
X51005719903,0,0,0,0,0.0,0.0
X51005719905,0,4,4,4,0.010687357909580131,0.010687357909580131
X51005724552,0,3,3,3,0.02876141094139242,0.02876141094139242
X51005724609,0,2,2,2,0.013365530550502056,0.013365530550502056
X51005724611,0,3,3,3,0.028889232116262705,0.028889232116262705
X51005724622,0,3,3,3,0.025960242326583102,0.025960242326583102
X51005724623,0,3,3,3,0.029098361455278984,0.029098361455278984
X51005724624,1,3,3,3,0.02616725779788745,0.02616725779788745
X51005724625,1,4,4,4,0.024167323977200006,0.024167323977200006
X51005724626,0,4,4,4,0.026021917889696808,0.026021917889696808
X51005724628,0,3,3,3,0.02769104929696501,0.02769104929696501
X51005741929,0,4,4,4,0.011989063312250185,0.011989063312250185
X51005742110,0,4,4,4,0.011900653872357746,0.011900653872357746
X51005745213,0,2,2,2,0.018313470066518848,0.018313470066518848
X51005745244,0,3,3,3,0.04013497406168308,0.04013497406168308
X51005745298,0,2,2,2,0.01770026935192492,0.01770026935192492
X51005746203,0,2,2,2,0.0008853261219496491,0.0008853261219496491
X51005746204,1,2,2,2,0.009147154694669537,0.009147154694669537
X51005746206,0,3,3,3,0.029058307216081953,0.029058307216081953
X51005746207,0,2,2,2,0.0009592519176653284,0.0009592519176653284
X51005746210,0,2,2,2,0.012697113192977887,0.012697113192977887
X51005749904,0,2,2,2,0.021924915658027278,0.021924915658027278
X51005757220,0,4,4,4,0.03525714753881398,0.03525714753881398
X51005757233,0,3,3,3,0.0026608200029821344,0.0026608200029821344
X51005757282,0,3,3,3,0.03815229042754015,0.03815229042754015
X51005757292,0,2,2,2,0.015279164764921407,0.015279164764921407
X51005757308,0,2,2,2,0.008596941276428875,0.008596941276428875
X51005757342,0,2,2,2,0.011404358353510896,0.011404358353510896
X51005763958,0,2,2,2,0.0011859838274932615,0.0011859838274932615
X51005763964,0,4,4,4,0.011087888029205937,0.011087888029205937
X51005763999,0,2,2,2,0.01173928084382843,0.01173928084382843
X51005764031,0,2,2,2,0.0013293617485303844,0.0013293617485303844
X51005764154,0,3,3,3,0.022299952231998398,0.022299952231998398
X51005764161,0,2,2,2,0.018159747511531925,0.018159747511531925
X51005806692,0,2,2,2,0.0031905521060580635,0.0031905521060580635
X51005806695,0,4,4,4,0.00451584768408551,0.00451584768408551
X51005806696,0,2,2,2,0.006401659009020972,0.006401659009020972
X51005806718,0,2,2,2,0.019793827059030177,0.019793827059030177
X51005806719,0,2,2,2,0.0009154730112486849,0.0009154730112486849
X51005806720,0,3,3,3,0.004656453756064398,0.004656453756064398
X51006008081,0,3,3,3,0.00294419774655634,0.00294419774655634
X51006008082,0,4,4,4,0.0034562501265617725,0.0034562501265617725
X51006008083,0,2,2,2,0.0010775895057476541,0.0010775895057476541
X51006008090,0,3,3,3,0.024525221037787488,0.024525221037787488
X51006008092,0,3,3,3,0.026434748049716992,0.026434748049716992
X51006008093,0,3,3,3,0.032772582483528864,0.032772582483528864
X51006008105,0,4,4,4,0.04302013422818792,0.04302013422818792
X51006008166,0,4,4,4,0.03953651495939785,0.03953651495939785
X51006008206,0,3,3,3,0.03441713257185153,0.03441713257185153
X51006248253,0,2,2,2,0.013783195466235389,0.013783195466235389
X51006311714,1,3,3,3,0.016372247883576902,0.016372247883576902
X51006327953,1,4,4,4,0.02605317679558011,0.02605317679558011
X51006327960,0,2,2,2,0.022263450834879406,0.022263450834879406
X51006328345,0,3,3,3,0.04125477698729169,0.04125477698729169
X51006329183,0,3,3,3,0.023546887979225755,0.023546887979225755
X51006332641,0,2,2,2,0.0026586905948820204,0.0026586905948820204
X51006334139,0,2,2,2,0.0038486941448287546,0.0038486941448287546
X51006334742,0,3,3,3,0.02092630856456491,0.02092630856456491
X51006334766,0,4,4,4,0.02350559330176378,0.02350559330176378
X51006334770,0,4,4,4,0.018928157106321983,0.018928157106321983
X51006334819,0,2,2,2,0.009528293426598512,0.009528293426598512
X51006334927,0,0,0,0,0.0,0.0
X51006335818,0,2,2,2,0.013105359575367561,0.013105359575367561
X51006349081,0,4,4,4,0.01109189452168986,0.01109189452168986
X51006349083,1,2,2,2,0.010885783015133522,0.010885783015133522
X51006349085,0,4,4,4,0.003926806715651337,0.003926806715651337
X51006350737,0,4,4,4,0.010328050787106828,0.010328050787106828
X51006387660,0,2,2,2,0.018713068481587,0.018713068481587
X51006387737,0,2,2,2,0.009100525372998252,0.009100525372998252
X51006387931,0,3,3,3,0.0184208203118103,0.0184208203118103
X51006387950,0,3,3,3,0.016475798153474438,0.016475798153474438
X51006387973,0,2,2,2,0.013868399510929072,0.013868399510929072
X51006388068,0,2,2,2,0.015359336114053095,0.015359336114053095
X51006388081,0,3,3,3,0.036832653774146185,0.036832653774146185
X51006388089,0,2,2,2,0.0012268712691379138,0.0012268712691379138
X51006389894,0,3,3,3,0.039497550527275424,0.039497550527275424
X51006389898,0,2,2,2,0.020431437706817834,0.020431437706817834
X51006392167,0,2,2,2,0.0028213420500515815,0.0028213420500515815
X51006401845,0,2,2,2,0.0013379129543483403,0.0013379129543483403
X51006401940,0,2,2,2,0.0034440405421171526,0.0034440405421171526
X51006401977,0,4,4,4,0.015992621107022185,0.015992621107022185
X51006414425,0,2,2,2,0.00265942653725283,0.00265942653725283
X51006414427,0,2,2,2,0.0036493313753778907,0.0036493313753778907
X51006414433,0,2,2,2,0.0028885799544313374,0.0028885799544313374
X51006414512,0,2,2,2,0.004679544920160605,0.004679544920160605
X51006414532,0,4,4,4,0.010245364240161056,0.010245364240161056
X51006414592,0,2,2,2,0.00354104661743584,0.00354104661743584
X51006414593,0,2,2,2,0.0030844923355422007,0.0030844923355422007
X51006414600,0,4,4,4,0.01021640402896297,0.01021640402896297
X51006414632,0,2,2,2,0.0028885799544313374,0.0028885799544313374
X51006414702,0,3,3,3,0.00884768928543437,0.00884768928543437
X51006414708,0,3,3,3,0.009474442268853269,0.009474442268853269
X51006414715,0,4,4,4,0.00980495642522508,0.00980495642522508
X51006414717,0,4,4,4,0.011524382774006693,0.011524382774006693
X51006414728,0,2,2,2,0.0034853578160664775,0.0034853578160664775
X51006438346,0,2,2,2,0.0035168909029410517,0.0035168909029410517
X51006466070,0,3,3,3,0.01196223492774876,0.01196223492774876
X51006502534,1,0,0,0,0.0,0.0
X51006502535,0,0,0,0,0.0,0.0
X51006502540,0,0,0,0,0.0,0.0
X51006554841,0,4,4,4,0.003068362097976059,0.003068362097976059
X51006555819,0,2,2,2,0.003292748917748918,0.003292748917748918
X51006555833,0,2,2,2,0.0035315923056371892,0.0035315923056371892
X51006555835,0,2,2,2,0.003921833885069179,0.003921833885069179
X51006556603,0,3,3,3,0.004070581178352439,0.004070581178352439
X51006556610,0,3,3,3,0.0047094508301404854,0.0047094508301404854
X51006556648,0,2,2,2,0.0034380305602716467,0.0034380305602716467
X51006556654,0,2,2,2,0.00408998768891153,0.00408998768891153
X51006556657,1,2,2,2,0.0029637666755013693,0.0029637666755013693
X51006556658,0,3,3,3,0.0033065177697213476,0.0033065177697213476
X51006556723,0,3,3,3,0.004032258064516129,0.004032258064516129
X51006556728,1,0,0,0,0.0,0.0
X51006556734,0,2,2,2,0.0035515915402691734,0.0035515915402691734
X51006556740,0,2,2,2,0.004341440791507781,0.004341440791507781
X51006556806,0,3,3,3,0.003066005549742983,0.003066005549742983
X51006556808,0,2,2,2,0.004261654258404762,0.004261654258404762
X51006556809,0,2,2,2,0.0014191106906338694,0.0014191106906338694
X51006556810,0,3,3,3,0.003316571310264649,0.003316571310264649
X51006556812,0,2,2,2,0.0015914692958954025,0.0015914692958954025
X51006556821,0,2,2,2,0.003069832584196469,0.003069832584196469
X51006556826,0,3,3,3,0.0035177699816961562,0.0035177699816961562
X51006556827,0,2,2,2,0.00249342161106867,0.00249342161106867
X51006556829,0,2,2,2,0.0023914843545716027,0.0023914843545716027
X51006556851,0,2,2,2,0.002681653789248726,0.002681653789248726
X51006556865,0,2,2,2,0.004938657204967392,0.004938657204967392
X51006557115,0,2,2,2,0.003523915109280963,0.003523915109280963
X51006557169,0,2,2,2,0.003553878553878554,0.003553878553878554
X51006557173,0,0,0,0,0.0,0.0
X51006557187,0,2,2,2,0.0026987138941598145,0.0026987138941598145
X51006557194,0,2,2,2,0.0027692895339954163,0.0027692895339954163
X51006557196,0,2,2,2,0.0030607274301796927,0.0030607274301796927
X51006557208,0,3,3,3,0.0031979497465039835,0.0031979497465039835
X51006557209,1,2,2,2,0.0035308441558441557,0.0035308441558441557
X51006557507,1,2,2,2,0.002424021556674618,0.002424021556674618
X51006619328,0,2,2,2,0.022648902821316614,0.022648902821316614
X51006619338,0,2,2,2,0.030396014056144775,0.030396014056144775
X51006619345,0,2,2,2,0.025572841749312337,0.025572841749312337
X51006619346,0,2,2,2,0.016911740524144014,0.016911740524144014
X51006619503,0,2,2,2,0.0007215953817895566,0.0007215953817895566
X51006619506,0,2,2,2,0.0023178603224849144,0.0023178603224849144
X51006619507,0,2,2,2,0.02857692519100753,0.02857692519100753
X51006619509,1,0,0,0,0.0,0.0
X51006619564,0,2,2,2,0.0178992628992629,0.0178992628992629
X51006619567,0,2,2,2,0.0007711992147789814,0.0007711992147789814
X51006619569,0,0,0,0,0.0,0.0
X51006619570,0,0,0,0,0.0,0.0
X51006619700,0,0,0,0,0.0,0.0
X51006619703,0,0,0,0,0.0,0.0
X51006619704,0,0,0,0,0.0,0.0
X51006619757,0,2,2,2,0.02497957626965643,0.02497957626965643
X51006619760,0,2,2,2,0.0007850327331273455,0.0007850327331273455
X51006619764,0,0,0,0,0.0,0.0
X51006619766,1,0,0,0,0.0,0.0
X51006619779,0,2,2,2,0.02530177178064502,0.02530177178064502
X51006619782,0,2,2,2,0.01979019991354627,0.01979019991354627
X51006619784,0,2,2,2,0.02017508282595311,0.02017508282595311
X51006619790,0,2,2,2,0.020002276977336808,0.020002276977336808
X51006619842,0,2,2,2,0.023696050999805266,0.023696050999805266
X51006619863,0,2,2,2,0.030383790512470567,0.030383790512470567
X51006619869,0,4,4,4,0.03370521684475173,0.03370521684475173
X51006620175,0,0,0,0,0.0,0.0
X51006620182,0,3,3,3,0.011320148945507112,0.011320148945507112
X51006620192,0,4,4,4,0.03678913655439477,0.03678913655439477
X51006620437,0,2,2,2,0.02254307226934964,0.02254307226934964
X51006647933,1,0,0,0,0.0,0.0
X51006647984,0,3,3,3,0.024498175290380717,0.024498175290380717
X51006714066,0,3,3,3,0.008523738426621429,0.008523738426621429
X51006733495,0,2,2,2,0.025553761277770735,0.025553761277770735
X51006828199,0,3,3,3,0.009018773367273884,0.009018773367273884
X51006828200,0,2,2,2,0.017357826629838435,0.017357826629838435
X51006828201,0,0,0,0,0.0,0.0
X51006856982,0,3,3,3,0.001590220421449968,0.001590220421449968
X51006857126,0,0,0,0,0.0,0.0
X51006857132,0,4,4,4,0.03930381057643607,0.03930381057643607
X51006857137,0,2,2,2,0.025771033516877352,0.025771033516877352
X51006857540,0,4,4,4,0.03270477371259489,0.03270477371259489
X51006912959,0,2,2,2,0.004173890438924179,0.004173890438924179
X51006912976,0,3,3,3,0.00794940559166516,0.00794940559166516
X51006912998,0,2,2,2,0.005910784851603051,0.005910784851603051
X51006913018,1,4,4,4,0.011439024849929794,0.011439024849929794
X51006913032,0,2,2,2,0.003185623231789486,0.003185623231789486
X51006913060,0,2,2,2,0.0030844923355422007,0.0030844923355422007
X51006913061,1,2,2,2,0.0029865217798026433,0.0029865217798026433
X51006913067,0,2,2,2,0.0029865217798026433,0.0029865217798026433
X51007103597,0,3,3,3,0.03467581508996224,0.03467581508996224
X51007103610,0,2,2,2,0.023098483583214494,0.023098483583214494
X51007103649,0,2,2,2,0.018149896253733727,0.018149896253733727
X51007103668,0,2,2,2,0.02066815976110489,0.02066815976110489
X51007103687,1,2,2,2,0.024676180225653207,0.024676180225653207
X51007225406,0,2,2,2,0.008029739776951672,0.008029739776951672
X51007231274,0,2,2,2,0.0028885799544313374,0.0028885799544313374
X51007231275,0,2,2,2,0.0033309414344084545,0.0033309414344084545
X51007231276,1,2,2,2,0.0028458199235617656,0.0028458199235617656
X51007231331,0,2,2,2,0.0028474667974626258,0.0028474667974626258
X51007231341,0,2,2,2,0.002751909592656242,0.002751909592656242
X51007231343,0,2,2,2,0.0029865217798026433,0.0029865217798026433
X51007231346,0,2,2,2,0.003167178335371657,0.003167178335371657
X51007231364,0,2,2,2,0.005031836695667483,0.005031836695667483
X51007231372,0,3,3,3,0.008273426684812001,0.008273426684812001
X51007339105,1,3,3,3,0.03009337093726897,0.03009337093726897
X51007339109,0,3,3,3,0.02708116301501998,0.02708116301501998
X51007339116,0,3,3,3,0.030198606990363724,0.030198606990363724
X51007339119,0,3,3,3,0.027467365317486385,0.027467365317486385
X51007339121,0,3,3,3,0.027409956621160667,0.027409956621160667
X51007339122,0,3,3,3,0.028690045433522868,0.028690045433522868
X51007339125,0,3,3,3,0.030123315070496152,0.030123315070496152
X51007339127,0,3,3,3,0.026562559512473813,0.026562559512473813
X51007339134,0,3,3,3,0.025572136578954574,0.025572136578954574
X51007339159,1,3,3,3,0.0051691996316596866,0.0051691996316596866
X51007339160,0,3,3,3,0.004929985426346296,0.004929985426346296
X51007339161,0,3,3,3,0.005679221950853215,0.005679221950853215
X51007339163,0,3,3,3,0.0244800129267395,0.0244800129267395
X51007339638,0,4,4,4,0.026211283998962484,0.026211283998962484
X51007391390,0,2,2,2,0.012619599385081339,0.012619599385081339
X51007433809,0,2,2,2,0.015000699007409479,0.015000699007409479
X51007579714,0,2,2,2,0.011133801490317435,0.011133801490317435
X51007579719,0,2,2,2,0.011405117456990656,0.011405117456990656
X51007579725,0,3,3,3,0.021956095789553494,0.021956095789553494
X51007846266,0,2,2,2,0.0028885799544313374,0.0028885799544313374
X51007846268,1,2,2,2,0.0024382888928166494,0.0024382888928166494
X51007846282,0,2,2,2,0.0035148732519582043,0.0035148732519582043
X51007846283,0,4,4,4,0.0028856781872378784,0.0028856781872378784
X51007846288,0,2,2,2,0.002567058403322426,0.002567058403322426
X51007846289,0,4,4,4,0.008854814416760884,0.008854814416760884
X51007846290,0,2,2,2,0.00265942653725283,0.00265942653725283
X51007846303,0,2,2,2,0.0025282724061821316,0.0025282724061821316
X51007846304,0,2,2,2,0.0024382888928166494,0.0024382888928166494
X51007846310,0,4,4,4,0.008767790131325365,0.008767790131325365
X51007846321,0,3,3,3,0.008272191278977162,0.008272191278977162
X51007846355,0,4,4,4,0.01017629643488308,0.01017629643488308
X51007846358,0,3,3,3,0.007639634761171344,0.007639634761171344
X51007846360,1,0,0,0,0.0,0.0
X51007846361,0,2,2,2,0.0030844923355422007,0.0030844923355422007
X51007846371,0,2,2,2,0.0025282724061821316,0.0025282724061821316
X51007846372,0,2,2,2,0.0028885799544313374,0.0028885799544313374
X51007846379,0,4,4,4,0.009705233317022145,0.009705233317022145
X51007846387,0,2,2,2,0.0031114988816991463,0.0031114988816991463
X51007846392,0,2,2,2,0.0025282724061821316,0.0025282724061821316
X51007846396,0,2,2,2,0.005612764741724332,0.005612764741724332
X51007846397,0,2,2,2,0.003185623231789486,0.003185623231789486
X51007846400,0,3,3,3,0.007239162158105745,0.007239162158105745
X51007846403,0,2,2,2,0.003885437541673399,0.003885437541673399
X51008030561,0,2,2,2,0.017969575698559538,0.017969575698559538
X51008030563,1,2,2,2,0.022774579583264728,0.022774579583264728
X51008042779,0,2,2,2,0.018949203334139537,0.018949203334139537
X51008042780,0,2,2,2,0.019774747831065986,0.019774747831065986
X51008042781,0,2,2,2,0.01817397812093068,0.01817397812093068
X51008042786,1,0,0,0,0.0,0.0
X51008042787,0,2,2,2,0.007513214943279682,0.007513214943279682
X51008099047,0,2,2,2,0.02254574722731004,0.02254574722731004
X51008099086,0,2,2,2,0.018250659506312418,0.018250659506312418
X51008099088,0,2,2,2,0.02136976038268741,0.02136976038268741
X51008099090,0,2,2,2,0.023944048201124314,0.023944048201124314
X51008099100,0,0,0,0,0.0,0.0
