document_id,pii_id,pii_type,group,strong_coverage,ra_coverage
X00016469670,X00016469670_PII_01,PERSON_NAME,G1,1.0,1.0
X00016469670,X00016469670_PII_02,PHONE,G1,1.0,1.0
X00016469670,X00016469670_PII_03,ADDRESS_FULL,G1,1.0,1.0
X00016469670,X00016469670_PII_04,PAYMENT_CARD,G1,1.0,1.0
X00016469671,X00016469671_PII_01,PERSON_NAME,G1,1.0,1.0
X00016469671,X00016469671_PII_02,PHONE,G1,1.0,1.0
X00016469671,X00016469671_PII_03,ADDRESS_FULL,G1,1.0,1.0
X00016469671,X00016469671_PII_04,PAYMENT_CARD,G1,1.0,1.0
X51005200931,X51005200931_PII_01,PERSON_NAME,G1,1.0,1.0
X51005200931,X51005200931_PII_02,PHONE,G1,1.0,1.0
X51005200931,X51005200931_PII_03,ADDRESS_FULL,G1,1.0,1.0
X51005200931,X51005200931_PII_04,PAYMENT_CARD,G1,1.0,1.0
X51005230605,X51005230605_PII_01,TRANSACTION_ID,SUPPLEMENTAL_IDENTIFIER,1.0,1.0
X51005230605,X51005230605_PII_02,PAYMENT_CARD,G1,1.0,1.0
X51005230616,X51005230616_PII_01,PERSON_NAME,G1,1.0,1.0
X51005230616,X51005230616_PII_02,MEMBER_ID,SUPPLEMENTAL_IDENTIFIER,1.0,1.0
X51005230621,X51005230621_PII_01,PHONE,G1,1.0,1.0
X51005230621,X51005230621_PII_02,EMAIL,G1,1.0,1.0
X51005230621,X51005230621_PII_03,ADDRESS_FULL,G1,1.0,1.0
X51005230648,X51005230648_PII_01,PHONE,G1,1.0,1.0
X51005230648,X51005230648_PII_02,EMAIL,G1,1.0,1.0
X51005230648,X51005230648_PII_03,ADDRESS_FULL,G1,1.0,1.0
X51005230657,X51005230657_PII_01,PHONE,G1,1.0,1.0
X51005230657,X51005230657_PII_02,EMAIL,G1,1.0,1.0
X51005230657,X51005230657_PII_03,ADDRESS_FULL,G1,1.0,1.0
X51005268275,X51005268275_PII_01,PERSON_NAME,G1,1.0,1.0
X51005268275,X51005268275_PII_02,PHONE,G1,1.0,1.0
X51005268275,X51005268275_PII_03,ADDRESS_FULL,G1,1.0,1.0
X51005268275,X51005268275_PII_04,PAYMENT_CARD,G1,1.0,1.0
X51005268408,X51005268408_PII_01,TRANSACTION_ID,SUPPLEMENTAL_IDENTIFIER,1.0,1.0
X51005268408,X51005268408_PII_02,PAYMENT_CARD,G1,1.0,1.0
X51005337867,X51005337867_PII_01,PHONE,G1,1.0,1.0
X51005337867,X51005337867_PII_02,EMAIL,G1,1.0,1.0
X51005337867,X51005337867_PII_03,ADDRESS_FULL,G1,1.0,1.0
X51005337877,X51005337877_PII_01,TRANSACTION_ID,SUPPLEMENTAL_IDENTIFIER,1.0,1.0
X51005337877,X51005337877_PII_02,PAYMENT_CARD,G1,1.0,1.0
X51005361906,X51005361906_PII_01,TRANSACTION_ID,SUPPLEMENTAL_IDENTIFIER,1.0,1.0
X51005361906,X51005361906_PII_02,PAYMENT_CARD,G1,1.0,1.0
X51005361908,X51005361908_PII_01,PHONE,G1,1.0,1.0
X51005361908,X51005361908_PII_02,EMAIL,G1,1.0,1.0
X51005361908,X51005361908_PII_03,ADDRESS_FULL,G1,1.0,1.0
X51005361912,X51005361912_PII_01,TRANSACTION_ID,SUPPLEMENTAL_IDENTIFIER,1.0,1.0
X51005361912,X51005361912_PII_02,PAYMENT_CARD,G1,1.0,1.0
X51005361923,X51005361923_PII_01,PERSON_NAME,G1,1.0,1.0
X51005361923,X51005361923_PII_02,MEMBER_ID,SUPPLEMENTAL_IDENTIFIER,1.0,1.0
X51005365187,X51005365187_PII_01,PERSON_NAME,G1,1.0,1.0
X51005365187,X51005365187_PII_02,PHONE,G1,1.0,1.0
X51005365187,X51005365187_PII_03,ADDRESS_FULL,G1,1.0,1.0
X51005365187,X51005365187_PII_04,PAYMENT_CARD,G1,1.0,1.0
X51005433518,X51005433518_PII_01,TRANSACTION_ID,SUPPLEMENTAL_IDENTIFIER,1.0,1.0
X51005433518,X51005433518_PII_02,PAYMENT_CARD,G1,1.0,1.0
X51005433543,X51005433543_PII_01,TRANSACTION_ID,SUPPLEMENTAL_IDENTIFIER,1.0,1.0
X51005433543,X51005433543_PII_02,PAYMENT_CARD,G1,1.0,1.0
X51005433548,X51005433548_PII_01,PHONE,G1,1.0,1.0
X51005433548,X51005433548_PII_02,EMAIL,G1,1.0,1.0
X51005433548,X51005433548_PII_03,ADDRESS_FULL,G1,1.0,1.0
X51005433556,X51005433556_PII_01,PERSON_NAME,G1,1.0,1.0
X51005433556,X51005433556_PII_02,PHONE,G1,1.0,1.0
X51005433556,X51005433556_PII_03,ADDRESS_FULL,G1,1.0,1.0
X51005433556,X51005433556_PII_04,PAYMENT_CARD,G1,1.0,1.0
X51005442322,X51005442322_PII_01,PHONE,G1,1.0,1.0
X51005442322,X51005442322_PII_02,EMAIL,G1,1.0,1.0
X51005442322,X51005442322_PII_03,ADDRESS_FULL,G1,1.0,1.0
X51005442334,X51005442334_PII_01,TRANSACTION_ID,SUPPLEMENTAL_IDENTIFIER,1.0,1.0
X51005442334,X51005442334_PII_02,PAYMENT_CARD,G1,1.0,1.0
X51005442343,X51005442343_PII_01,PHONE,G1,1.0,1.0
X51005442343,X51005442343_PII_02,EMAIL,G1,1.0,1.0
X51005442343,X51005442343_PII_03,ADDRESS_FULL,G1,1.0,1.0
X51005442366,X51005442366_PII_01,PHONE,G1,1.0,1.0
X51005442366,X51005442366_PII_02,EMAIL,G1,1.0,1.0
X51005442366,X51005442366_PII_03,ADDRESS_FULL,G1,1.0,1.0
X51005442375,X51005442375_PII_01,TRANSACTION_ID,SUPPLEMENTAL_IDENTIFIER,1.0,1.0
X51005442375,X51005442375_PII_02,PAYMENT_CARD,G1,1.0,1.0
X51005442382,X51005442382_PII_01,TRANSACTION_ID,SUPPLEMENTAL_IDENTIFIER,1.0,1.0
X51005442382,X51005442382_PII_02,PAYMENT_CARD,G1,1.0,1.0
X51005442388,X51005442388_PII_01,TRANSACTION_ID,SUPPLEMENTAL_IDENTIFIER,1.0,1.0
X51005442388,X51005442388_PII_02,PAYMENT_CARD,G1,1.0,1.0
X51005444040,X51005444040_PII_01,TRANSACTION_ID,SUPPLEMENTAL_IDENTIFIER,1.0,1.0
X51005444040,X51005444040_PII_02,PAYMENT_CARD,G1,1.0,1.0
X51005444041,X51005444041_PII_01,TRANSACTION_ID,SUPPLEMENTAL_IDENTIFIER,1.0,1.0
X51005444041,X51005444041_PII_02,PAYMENT_CARD,G1,1.0,1.0
X51005444044,X51005444044_PII_01,PERSON_NAME,G1,1.0,1.0
X51005444044,X51005444044_PII_02,MEMBER_ID,SUPPLEMENTAL_IDENTIFIER,1.0,1.0
X51005444046,X51005444046_PII_01,TRANSACTION_ID,SUPPLEMENTAL_IDENTIFIER,1.0,1.0
X51005444046,X51005444046_PII_02,PAYMENT_CARD,G1,1.0,1.0
X51005447841,X51005447841_PII_01,PERSON_NAME,G1,1.0,1.0
X51005447841,X51005447841_PII_02,MEMBER_ID,SUPPLEMENTAL_IDENTIFIER,1.0,1.0
X51005447842,X51005447842_PII_01,PERSON_NAME,G1,1.0,1.0
X51005447842,X51005447842_PII_02,MEMBER_ID,SUPPLEMENTAL_IDENTIFIER,1.0,1.0
X51005447844,X51005447844_PII_01,TRANSACTION_ID,SUPPLEMENTAL_IDENTIFIER,1.0,1.0
X51005447844,X51005447844_PII_02,PAYMENT_CARD,G1,1.0,1.0
X51005447851,X51005447851_PII_01,PERSON_NAME,G1,1.0,1.0
X51005447851,X51005447851_PII_02,MEMBER_ID,SUPPLEMENTAL_IDENTIFIER,1.0,1.0
X51005447859,X51005447859_PII_01,PERSON_NAME,G1,1.0,1.0
X51005447859,X51005447859_PII_02,MEMBER_ID,SUPPLEMENTAL_IDENTIFIER,1.0,1.0
X51005568855,X51005568855_PII_01,PERSON_NAME,G1,1.0,1.0
X51005568855,X51005568855_PII_02,PHONE,G1,1.0,1.0
X51005568855,X51005568855_PII_03,ADDRESS_FULL,G1,1.0,1.0
X51005568855,X51005568855_PII_04,PAYMENT_CARD,G1,1.0,1.0
X51005568866,X51005568866_PII_01,PHONE,G1,1.0,1.0
X51005568866,X51005568866_PII_02,EMAIL,G1,1.0,1.0
X51005568866,X51005568866_PII_03,ADDRESS_FULL,G1,1.0,1.0
X51005568885,X51005568885_PII_01,TRANSACTION_ID,SUPPLEMENTAL_IDENTIFIER,1.0,1.0
X51005568885,X51005568885_PII_02,PAYMENT_CARD,G1,1.0,1.0
X51005568887,X51005568887_PII_01,PERSON_NAME,G1,1.0,1.0
X51005568887,X51005568887_PII_02,MEMBER_ID,SUPPLEMENTAL_IDENTIFIER,1.0,1.0
X51005568889,X51005568889_PII_01,PERSON_NAME,G1,1.0,1.0
X51005568889,X51005568889_PII_02,MEMBER_ID,SUPPLEMENTAL_IDENTIFIER,1.0,1.0
X51005568890,X51005568890_PII_01,PERSON_NAME,G1,1.0,1.0
X51005568890,X51005568890_PII_02,MEMBER_ID,SUPPLEMENTAL_IDENTIFIER,1.0,1.0
X51005568892,X51005568892_PII_01,TRANSACTION_ID,SUPPLEMENTAL_IDENTIFIER,1.0,1.0
X51005568892,X51005568892_PII_02,PAYMENT_CARD,G1,1.0,1.0
X51005568894,X51005568894_PII_01,PERSON_NAME,G1,1.0,1.0
X51005568894,X51005568894_PII_02,PHONE,G1,1.0,1.0
X51005568894,X51005568894_PII_03,ADDRESS_FULL,G1,1.0,1.0
X51005568894,X51005568894_PII_04,PAYMENT_CARD,G1,1.0,1.0
X51005568895,X51005568895_PII_01,PHONE,G1,1.0,1.0
X51005568895,X51005568895_PII_02,EMAIL,G1,1.0,1.0
X51005568895,X51005568895_PII_03,ADDRESS_FULL,G1,1.0,1.0
X51005577191,X51005577191_PII_01,PERSON_NAME,G1,1.0,1.0
X51005577191,X51005577191_PII_02,PHONE,G1,1.0,1.0
X51005577191,X51005577191_PII_03,ADDRESS_FULL,G1,1.0,1.0
X51005577191,X51005577191_PII_04,PAYMENT_CARD,G1,1.0,1.0
X51005582745,X51005582745_PII_01,PERSON_NAME,G1,1.0,1.0
X51005582745,X51005582745_PII_02,PHONE,G1,1.0,1.0
X51005582745,X51005582745_PII_03,ADDRESS_FULL,G1,1.0,1.0
X51005582745,X51005582745_PII_04,PAYMENT_CARD,G1,1.0,1.0
X51005587261,X51005587261_PII_01,PERSON_NAME,G1,1.0,1.0
X51005587261,X51005587261_PII_02,MEMBER_ID,SUPPLEMENTAL_IDENTIFIER,1.0,1.0
X51005605287,X51005605287_PII_01,TRANSACTION_ID,SUPPLEMENTAL_IDENTIFIER,1.0,1.0
X51005605287,X51005605287_PII_02,PAYMENT_CARD,G1,1.0,1.0
X51005605332,X51005605332_PII_01,PHONE,G1,1.0,1.0
X51005605332,X51005605332_PII_02,EMAIL,G1,1.0,1.0
X51005605332,X51005605332_PII_03,ADDRESS_FULL,G1,1.0,1.0
X51005621482,X51005621482_PII_01,TRANSACTION_ID,SUPPLEMENTAL_IDENTIFIER,1.0,1.0
X51005621482,X51005621482_PII_02,PAYMENT_CARD,G1,1.0,1.0
X51005663274,X51005663274_PII_01,TRANSACTION_ID,SUPPLEMENTAL_IDENTIFIER,1.0,1.0
X51005663274,X51005663274_PII_02,PAYMENT_CARD,G1,1.0,1.0
X51005663300,X51005663300_PII_01,TRANSACTION_ID,SUPPLEMENTAL_IDENTIFIER,1.0,1.0
X51005663300,X51005663300_PII_02,PAYMENT_CARD,G1,1.0,1.0
X51005663307,X51005663307_PII_01,TRANSACTION_ID,SUPPLEMENTAL_IDENTIFIER,1.0,1.0
X51005663307,X51005663307_PII_02,PAYMENT_CARD,G1,1.0,1.0
X51005663309,X51005663309_PII_01,PERSON_NAME,G1,1.0,1.0
X51005663309,X51005663309_PII_02,PHONE,G1,1.0,1.0
X51005663309,X51005663309_PII_03,ADDRESS_FULL,G1,1.0,1.0
X51005663309,X51005663309_PII_04,PAYMENT_CARD,G1,1.0,1.0
X51005663310,X51005663310_PII_01,TRANSACTION_ID,SUPPLEMENTAL_IDENTIFIER,1.0,1.0
X51005663310,X51005663310_PII_02,PAYMENT_CARD,G1,1.0,1.0
X51005663323,X51005663323_PII_01,PERSON_NAME,G1,1.0,1.0
X51005663323,X51005663323_PII_02,PHONE,G1,1.0,1.0
X51005663323,X51005663323_PII_03,ADDRESS_FULL,G1,1.0,1.0
X51005663323,X51005663323_PII_04,PAYMENT_CARD,G1,1.0,1.0
X51005675099,X51005675099_PII_01,PERSON_NAME,G1,1.0,1.0
X51005675099,X51005675099_PII_02,PHONE,G1,1.0,1.0
X51005675099,X51005675099_PII_03,ADDRESS_FULL,G1,1.0,1.0
X51005675099,X51005675099_PII_04,PAYMENT_CARD,G1,1.0,1.0
X51005675103,X51005675103_PII_01,PHONE,G1,1.0,1.0
X51005675103,X51005675103_PII_02,EMAIL,G1,1.0,1.0
X51005675103,X51005675103_PII_03,ADDRESS_FULL,G1,1.0,1.0
X51005675104,X51005675104_PII_01,PHONE,G1,1.0,1.0
X51005675104,X51005675104_PII_02,EMAIL,G1,1.0,1.0
X51005675104,X51005675104_PII_03,ADDRESS_FULL,G1,1.0,1.0
X51005675914,X51005675914_PII_01,PERSON_NAME,G1,1.0,1.0
X51005675914,X51005675914_PII_02,PHONE,G1,1.0,1.0
X51005675914,X51005675914_PII_03,ADDRESS_FULL,G1,1.0,1.0
X51005675914,X51005675914_PII_04,PAYMENT_CARD,G1,1.0,1.0
X51005676534,X51005676534_PII_01,PHONE,G1,1.0,1.0
X51005676534,X51005676534_PII_02,EMAIL,G1,1.0,1.0
X51005676534,X51005676534_PII_03,ADDRESS_FULL,G1,1.0,1.0
X51005676535,X51005676535_PII_01,PHONE,G1,1.0,1.0
X51005676535,X51005676535_PII_02,EMAIL,G1,1.0,1.0
X51005676535,X51005676535_PII_03,ADDRESS_FULL,G1,1.0,1.0
X51005676537,X51005676537_PII_01,PHONE,G1,1.0,1.0
X51005676537,X51005676537_PII_02,EMAIL,G1,1.0,1.0
X51005676537,X51005676537_PII_03,ADDRESS_FULL,G1,1.0,1.0
X51005676542,X51005676542_PII_01,PHONE,G1,1.0,1.0
X51005676542,X51005676542_PII_02,EMAIL,G1,1.0,1.0
X51005676542,X51005676542_PII_03,ADDRESS_FULL,G1,1.0,1.0
X51005676548,X51005676548_PII_01,PHONE,G1,1.0,1.0
X51005676548,X51005676548_PII_02,EMAIL,G1,1.0,1.0
X51005676548,X51005676548_PII_03,ADDRESS_FULL,G1,1.0,1.0
X51005677327,X51005677327_PII_01,PHONE,G1,1.0,1.0
X51005677327,X51005677327_PII_02,EMAIL,G1,1.0,1.0
X51005677327,X51005677327_PII_03,ADDRESS_FULL,G1,1.0,1.0
X51005677333,X51005677333_PII_01,PHONE,G1,1.0,1.0
X51005677333,X51005677333_PII_02,EMAIL,G1,1.0,1.0
X51005677333,X51005677333_PII_03,ADDRESS_FULL,G1,1.0,1.0
X51005677336,X51005677336_PII_01,PHONE,G1,1.0,1.0
X51005677336,X51005677336_PII_02,EMAIL,G1,1.0,1.0
X51005677336,X51005677336_PII_03,ADDRESS_FULL,G1,1.0,1.0
X51005677337,X51005677337_PII_01,PHONE,G1,1.0,1.0
X51005677337,X51005677337_PII_02,EMAIL,G1,1.0,1.0
X51005677337,X51005677337_PII_03,ADDRESS_FULL,G1,1.0,1.0
X510056849111,X510056849111_PII_01,PHONE,G1,1.0,1.0
X510056849111,X510056849111_PII_02,EMAIL,G1,1.0,1.0
X510056849111,X510056849111_PII_03,ADDRESS_FULL,G1,1.0,1.0
X51005705727,X51005705727_PII_01,PERSON_NAME,G1,1.0,1.0
X51005705727,X51005705727_PII_02,PHONE,G1,1.0,1.0
X51005705727,X51005705727_PII_03,ADDRESS_FULL,G1,1.0,1.0
X51005705727,X51005705727_PII_04,PAYMENT_CARD,G1,1.0,1.0
X51005705729,X51005705729_PII_01,PHONE,G1,1.0,1.0
X51005705729,X51005705729_PII_02,EMAIL,G1,1.0,1.0
X51005705729,X51005705729_PII_03,ADDRESS_FULL,G1,1.0,1.0
X51005705759,X51005705759_PII_01,PHONE,G1,1.0,1.0
X51005705759,X51005705759_PII_02,EMAIL,G1,1.0,1.0
X51005705759,X51005705759_PII_03,ADDRESS_FULL,G1,1.0,1.0
X51005705784,X51005705784_PII_01,PHONE,G1,1.0,1.0
X51005705784,X51005705784_PII_02,EMAIL,G1,1.0,1.0
X51005705784,X51005705784_PII_03,ADDRESS_FULL,G1,1.0,1.0
X51005710963,X51005710963_PII_01,PERSON_NAME,G1,1.0,1.0
X51005710963,X51005710963_PII_02,PHONE,G1,1.0,1.0
X51005710963,X51005710963_PII_03,ADDRESS_FULL,G1,1.0,1.0
X51005710963,X51005710963_PII_04,PAYMENT_CARD,G1,1.0,1.0
X51005711402,X51005711402_PII_01,PERSON_NAME,G1,1.0,1.0
X51005711402,X51005711402_PII_02,MEMBER_ID,SUPPLEMENTAL_IDENTIFIER,1.0,1.0
X51005711443,X51005711443_PII_01,PERSON_NAME,G1,1.0,1.0
X51005711443,X51005711443_PII_02,MEMBER_ID,SUPPLEMENTAL_IDENTIFIER,1.0,1.0
X51005711444,X51005711444_PII_01,PERSON_NAME,G1,1.0,1.0
X51005711444,X51005711444_PII_02,MEMBER_ID,SUPPLEMENTAL_IDENTIFIER,1.0,1.0
X51005711446,X51005711446_PII_01,PERSON_NAME,G1,1.0,1.0
X51005711446,X51005711446_PII_02,MEMBER_ID,SUPPLEMENTAL_IDENTIFIER,1.0,1.0
X51005711449,X51005711449_PII_01,PERSON_NAME,G1,1.0,1.0
X51005711449,X51005711449_PII_02,MEMBER_ID,SUPPLEMENTAL_IDENTIFIER,1.0,1.0
X51005715006,X51005715006_PII_01,PERSON_NAME,G1,1.0,1.0
X51005715006,X51005715006_PII_02,PHONE,G1,1.0,1.0
X51005715006,X51005715006_PII_03,ADDRESS_FULL,G1,1.0,1.0
X51005715006,X51005715006_PII_04,PAYMENT_CARD,G1,1.0,1.0
X51005715007,X51005715007_PII_01,PHONE,G1,1.0,1.0
X51005715007,X51005715007_PII_02,EMAIL,G1,1.0,1.0
X51005715007,X51005715007_PII_03,ADDRESS_FULL,G1,1.0,1.0
X51005715455,X51005715455_PII_01,PERSON_NAME,G1,1.0,1.0
X51005715455,X51005715455_PII_02,MEMBER_ID,SUPPLEMENTAL_IDENTIFIER,1.0,1.0
X51005719823,X51005719823_PII_01,PERSON_NAME,G1,1.0,1.0
X51005719823,X51005719823_PII_02,PHONE,G1,1.0,1.0
X51005719823,X51005719823_PII_03,ADDRESS_FULL,G1,1.0,1.0
X51005719823,X51005719823_PII_04,PAYMENT_CARD,G1,1.0,1.0
X51005719855,X51005719855_PII_01,TRANSACTION_ID,SUPPLEMENTAL_IDENTIFIER,1.0,1.0
X51005719855,X51005719855_PII_02,PAYMENT_CARD,G1,1.0,1.0
X51005719857,X51005719857_PII_01,PHONE,G1,1.0,1.0
X51005719857,X51005719857_PII_02,EMAIL,G1,1.0,1.0
X51005719857,X51005719857_PII_03,ADDRESS_FULL,G1,1.0,1.0
X51005719863,X51005719863_PII_01,PERSON_NAME,G1,1.0,1.0
X51005719863,X51005719863_PII_02,PHONE,G1,1.0,1.0
X51005719863,X51005719863_PII_03,ADDRESS_FULL,G1,1.0,1.0
X51005719863,X51005719863_PII_04,PAYMENT_CARD,G1,1.0,1.0
X51005719888,X51005719888_PII_01,PHONE,G1,1.0,1.0
X51005719888,X51005719888_PII_02,EMAIL,G1,1.0,1.0
X51005719888,X51005719888_PII_03,ADDRESS_FULL,G1,1.0,1.0
X51005719889,X51005719889_PII_01,TRANSACTION_ID,SUPPLEMENTAL_IDENTIFIER,1.0,1.0
X51005719889,X51005719889_PII_02,PAYMENT_CARD,G1,1.0,1.0
X51005719895,X51005719895_PII_01,PHONE,G1,1.0,1.0
X51005719895,X51005719895_PII_02,EMAIL,G1,1.0,1.0
X51005719895,X51005719895_PII_03,ADDRESS_FULL,G1,1.0,1.0
X51005719905,X51005719905_PII_01,PERSON_NAME,G1,1.0,1.0
X51005719905,X51005719905_PII_02,PHONE,G1,1.0,1.0
X51005719905,X51005719905_PII_03,ADDRESS_FULL,G1,1.0,1.0
X51005719905,X51005719905_PII_04,PAYMENT_CARD,G1,1.0,1.0
X51005724552,X51005724552_PII_01,PHONE,G1,1.0,1.0
X51005724552,X51005724552_PII_02,EMAIL,G1,1.0,1.0
X51005724552,X51005724552_PII_03,ADDRESS_FULL,G1,1.0,1.0
X51005724609,X51005724609_PII_01,PERSON_NAME,G1,1.0,1.0
X51005724609,X51005724609_PII_02,MEMBER_ID,SUPPLEMENTAL_IDENTIFIER,1.0,1.0
X51005724611,X51005724611_PII_01,PHONE,G1,1.0,1.0
X51005724611,X51005724611_PII_02,EMAIL,G1,1.0,1.0
X51005724611,X51005724611_PII_03,ADDRESS_FULL,G1,1.0,1.0
X51005724622,X51005724622_PII_01,PHONE,G1,1.0,1.0
X51005724622,X51005724622_PII_02,EMAIL,G1,1.0,1.0
X51005724622,X51005724622_PII_03,ADDRESS_FULL,G1,1.0,1.0
X51005724623,X51005724623_PII_01,PHONE,G1,1.0,1.0
X51005724623,X51005724623_PII_02,EMAIL,G1,1.0,1.0
X51005724623,X51005724623_PII_03,ADDRESS_FULL,G1,1.0,1.0
X51005724624,X51005724624_PII_01,PHONE,G1,1.0,1.0
X51005724624,X51005724624_PII_02,EMAIL,G1,1.0,1.0
X51005724624,X51005724624_PII_03,ADDRESS_FULL,G1,1.0,1.0
X51005724625,X51005724625_PII_01,PERSON_NAME,G1,1.0,1.0
X51005724625,X51005724625_PII_02,PHONE,G1,1.0,1.0
X51005724625,X51005724625_PII_03,ADDRESS_FULL,G1,1.0,1.0
X51005724625,X51005724625_PII_04,PAYMENT_CARD,G1,1.0,1.0
X51005724626,X51005724626_PII_01,PERSON_NAME,G1,1.0,1.0
X51005724626,X51005724626_PII_02,PHONE,G1,1.0,1.0
X51005724626,X51005724626_PII_03,ADDRESS_FULL,G1,1.0,1.0
X51005724626,X51005724626_PII_04,PAYMENT_CARD,G1,1.0,1.0
X51005724628,X51005724628_PII_01,PHONE,G1,1.0,1.0
X51005724628,X51005724628_PII_02,EMAIL,G1,1.0,1.0
X51005724628,X51005724628_PII_03,ADDRESS_FULL,G1,1.0,1.0
X51005741929,X51005741929_PII_01,PERSON_NAME,G1,1.0,1.0
X51005741929,X51005741929_PII_02,PHONE,G1,1.0,1.0
X51005741929,X51005741929_PII_03,ADDRESS_FULL,G1,1.0,1.0
X51005741929,X51005741929_PII_04,PAYMENT_CARD,G1,1.0,1.0
X51005742110,X51005742110_PII_01,PERSON_NAME,G1,1.0,1.0
X51005742110,X51005742110_PII_02,PHONE,G1,1.0,1.0
X51005742110,X51005742110_PII_03,ADDRESS_FULL,G1,1.0,1.0
X51005742110,X51005742110_PII_04,PAYMENT_CARD,G1,1.0,1.0
X51005745213,X51005745213_PII_01,TRANSACTION_ID,SUPPLEMENTAL_IDENTIFIER,1.0,1.0
X51005745213,X51005745213_PII_02,PAYMENT_CARD,G1,1.0,1.0
X51005745244,X51005745244_PII_01,PHONE,G1,1.0,1.0
X51005745244,X51005745244_PII_02,EMAIL,G1,1.0,1.0
X51005745244,X51005745244_PII_03,ADDRESS_FULL,G1,1.0,1.0
X51005745298,X51005745298_PII_01,TRANSACTION_ID,SUPPLEMENTAL_IDENTIFIER,1.0,1.0
X51005745298,X51005745298_PII_02,PAYMENT_CARD,G1,1.0,1.0
X51005746203,X51005746203_PII_01,TRANSACTION_ID,SUPPLEMENTAL_IDENTIFIER,1.0,1.0
X51005746203,X51005746203_PII_02,PAYMENT_CARD,G1,1.0,1.0
X51005746204,X51005746204_PII_01,PERSON_NAME,G1,1.0,1.0
X51005746204,X51005746204_PII_02,MEMBER_ID,SUPPLEMENTAL_IDENTIFIER,1.0,1.0
X51005746206,X51005746206_PII_01,PHONE,G1,1.0,1.0
X51005746206,X51005746206_PII_02,EMAIL,G1,1.0,1.0
X51005746206,X51005746206_PII_03,ADDRESS_FULL,G1,1.0,1.0
X51005746207,X51005746207_PII_01,TRANSACTION_ID,SUPPLEMENTAL_IDENTIFIER,1.0,1.0
X51005746207,X51005746207_PII_02,PAYMENT_CARD,G1,1.0,1.0
X51005746210,X51005746210_PII_01,TRANSACTION_ID,SUPPLEMENTAL_IDENTIFIER,1.0,1.0
X51005746210,X51005746210_PII_02,PAYMENT_CARD,G1,1.0,1.0
X51005749904,X51005749904_PII_01,PERSON_NAME,G1,1.0,1.0
X51005749904,X51005749904_PII_02,MEMBER_ID,SUPPLEMENTAL_IDENTIFIER,1.0,1.0
X51005757220,X51005757220_PII_01,PERSON_NAME,G1,1.0,1.0
X51005757220,X51005757220_PII_02,PHONE,G1,1.0,1.0
X51005757220,X51005757220_PII_03,ADDRESS_FULL,G1,1.0,1.0
X51005757220,X51005757220_PII_04,PAYMENT_CARD,G1,1.0,1.0
X51005757233,X51005757233_PII_01,PHONE,G1,1.0,1.0
X51005757233,X51005757233_PII_02,EMAIL,G1,1.0,1.0
X51005757233,X51005757233_PII_03,ADDRESS_FULL,G1,1.0,1.0
X51005757282,X51005757282_PII_01,PHONE,G1,1.0,1.0
X51005757282,X51005757282_PII_02,EMAIL,G1,1.0,1.0
X51005757282,X51005757282_PII_03,ADDRESS_FULL,G1,1.0,1.0
X51005757292,X51005757292_PII_01,PERSON_NAME,G1,1.0,1.0
X51005757292,X51005757292_PII_02,MEMBER_ID,SUPPLEMENTAL_IDENTIFIER,1.0,1.0
X51005757308,X51005757308_PII_01,PERSON_NAME,G1,1.0,1.0
X51005757308,X51005757308_PII_02,MEMBER_ID,SUPPLEMENTAL_IDENTIFIER,1.0,1.0
X51005757342,X51005757342_PII_01,PERSON_NAME,G1,1.0,1.0
X51005757342,X51005757342_PII_02,MEMBER_ID,SUPPLEMENTAL_IDENTIFIER,1.0,1.0
X51005763958,X51005763958_PII_01,TRANSACTION_ID,SUPPLEMENTAL_IDENTIFIER,1.0,1.0
X51005763958,X51005763958_PII_02,PAYMENT_CARD,G1,1.0,1.0
X51005763964,X51005763964_PII_01,PERSON_NAME,G1,1.0,1.0
X51005763964,X51005763964_PII_02,PHONE,G1,1.0,1.0
X51005763964,X51005763964_PII_03,ADDRESS_FULL,G1,1.0,1.0
X51005763964,X51005763964_PII_04,PAYMENT_CARD,G1,1.0,1.0
X51005763999,X51005763999_PII_01,TRANSACTION_ID,SUPPLEMENTAL_IDENTIFIER,1.0,1.0
X51005763999,X51005763999_PII_02,PAYMENT_CARD,G1,1.0,1.0
X51005764031,X51005764031_PII_01,TRANSACTION_ID,SUPPLEMENTAL_IDENTIFIER,1.0,1.0
X51005764031,X51005764031_PII_02,PAYMENT_CARD,G1,1.0,1.0
X51005764154,X51005764154_PII_01,PHONE,G1,1.0,1.0
X51005764154,X51005764154_PII_02,EMAIL,G1,1.0,1.0
X51005764154,X51005764154_PII_03,ADDRESS_FULL,G1,1.0,1.0
X51005764161,X51005764161_PII_01,TRANSACTION_ID,SUPPLEMENTAL_IDENTIFIER,1.0,1.0
X51005764161,X51005764161_PII_02,PAYMENT_CARD,G1,1.0,1.0
X51005806692,X51005806692_PII_01,TRANSACTION_ID,SUPPLEMENTAL_IDENTIFIER,1.0,1.0
X51005806692,X51005806692_PII_02,PAYMENT_CARD,G1,1.0,1.0
X51005806695,X51005806695_PII_01,PERSON_NAME,G1,1.0,1.0
X51005806695,X51005806695_PII_02,PHONE,G1,1.0,1.0
X51005806695,X51005806695_PII_03,ADDRESS_FULL,G1,1.0,1.0
X51005806695,X51005806695_PII_04,PAYMENT_CARD,G1,1.0,1.0
X51005806696,X51005806696_PII_01,PERSON_NAME,G1,1.0,1.0
X51005806696,X51005806696_PII_02,MEMBER_ID,SUPPLEMENTAL_IDENTIFIER,1.0,1.0
X51005806718,X51005806718_PII_01,PERSON_NAME,G1,1.0,1.0
X51005806718,X51005806718_PII_02,MEMBER_ID,SUPPLEMENTAL_IDENTIFIER,1.0,1.0
X51005806719,X51005806719_PII_01,PERSON_NAME,G1,1.0,1.0
X51005806719,X51005806719_PII_02,MEMBER_ID,SUPPLEMENTAL_IDENTIFIER,1.0,1.0
X51005806720,X51005806720_PII_01,PHONE,G1,1.0,1.0
X51005806720,X51005806720_PII_02,EMAIL,G1,1.0,1.0
X51005806720,X51005806720_PII_03,ADDRESS_FULL,G1,1.0,1.0
X51006008081,X51006008081_PII_01,PHONE,G1,1.0,1.0
X51006008081,X51006008081_PII_02,EMAIL,G1,1.0,1.0
X51006008081,X51006008081_PII_03,ADDRESS_FULL,G1,1.0,1.0
X51006008082,X51006008082_PII_01,PERSON_NAME,G1,1.0,1.0
X51006008082,X51006008082_PII_02,PHONE,G1,1.0,1.0
X51006008082,X51006008082_PII_03,ADDRESS_FULL,G1,1.0,1.0
X51006008082,X51006008082_PII_04,PAYMENT_CARD,G1,1.0,1.0
X51006008083,X51006008083_PII_01,TRANSACTION_ID,SUPPLEMENTAL_IDENTIFIER,1.0,1.0
X51006008083,X51006008083_PII_02,PAYMENT_CARD,G1,1.0,1.0
X51006008090,X51006008090_PII_01,PHONE,G1,1.0,1.0
X51006008090,X51006008090_PII_02,EMAIL,G1,1.0,1.0
X51006008090,X51006008090_PII_03,ADDRESS_FULL,G1,1.0,1.0
X51006008092,X51006008092_PII_01,PHONE,G1,1.0,1.0
X51006008092,X51006008092_PII_02,EMAIL,G1,1.0,1.0
X51006008092,X51006008092_PII_03,ADDRESS_FULL,G1,1.0,1.0
X51006008093,X51006008093_PII_01,PHONE,G1,1.0,1.0
X51006008093,X51006008093_PII_02,EMAIL,G1,1.0,1.0
X51006008093,X51006008093_PII_03,ADDRESS_FULL,G1,1.0,1.0
X51006008105,X51006008105_PII_01,PERSON_NAME,G1,1.0,1.0
X51006008105,X51006008105_PII_02,PHONE,G1,1.0,1.0
X51006008105,X51006008105_PII_03,ADDRESS_FULL,G1,1.0,1.0
X51006008105,X51006008105_PII_04,PAYMENT_CARD,G1,1.0,1.0
X51006008166,X51006008166_PII_01,PERSON_NAME,G1,1.0,1.0
X51006008166,X51006008166_PII_02,PHONE,G1,1.0,1.0
X51006008166,X51006008166_PII_03,ADDRESS_FULL,G1,1.0,1.0
X51006008166,X51006008166_PII_04,PAYMENT_CARD,G1,1.0,1.0
X51006008206,X51006008206_PII_01,PHONE,G1,1.0,1.0
X51006008206,X51006008206_PII_02,EMAIL,G1,1.0,1.0
X51006008206,X51006008206_PII_03,ADDRESS_FULL,G1,1.0,1.0
X51006248253,X51006248253_PII_01,PERSON_NAME,G1,1.0,1.0
X51006248253,X51006248253_PII_02,MEMBER_ID,SUPPLEMENTAL_IDENTIFIER,1.0,1.0
X51006311714,X51006311714_PII_01,PHONE,G1,1.0,1.0
X51006311714,X51006311714_PII_02,EMAIL,G1,1.0,1.0
X51006311714,X51006311714_PII_03,ADDRESS_FULL,G1,1.0,1.0
X51006327953,X51006327953_PII_01,PERSON_NAME,G1,1.0,1.0
X51006327953,X51006327953_PII_02,PHONE,G1,1.0,1.0
X51006327953,X51006327953_PII_03,ADDRESS_FULL,G1,1.0,1.0
X51006327953,X51006327953_PII_04,PAYMENT_CARD,G1,1.0,1.0
X51006327960,X51006327960_PII_01,PERSON_NAME,G1,1.0,1.0
X51006327960,X51006327960_PII_02,MEMBER_ID,SUPPLEMENTAL_IDENTIFIER,1.0,1.0
X51006328345,X51006328345_PII_01,PHONE,G1,1.0,1.0
X51006328345,X51006328345_PII_02,EMAIL,G1,1.0,1.0
X51006328345,X51006328345_PII_03,ADDRESS_FULL,G1,1.0,1.0
X51006329183,X51006329183_PII_01,PHONE,G1,1.0,1.0
X51006329183,X51006329183_PII_02,EMAIL,G1,1.0,1.0
X51006329183,X51006329183_PII_03,ADDRESS_FULL,G1,1.0,1.0
X51006332641,X51006332641_PII_01,TRANSACTION_ID,SUPPLEMENTAL_IDENTIFIER,1.0,1.0
X51006332641,X51006332641_PII_02,PAYMENT_CARD,G1,1.0,1.0
X51006334139,X51006334139_PII_01,TRANSACTION_ID,SUPPLEMENTAL_IDENTIFIER,1.0,1.0
X51006334139,X51006334139_PII_02,PAYMENT_CARD,G1,1.0,1.0
X51006334742,X51006334742_PII_01,PHONE,G1,1.0,1.0
X51006334742,X51006334742_PII_02,EMAIL,G1,1.0,1.0
X51006334742,X51006334742_PII_03,ADDRESS_FULL,G1,1.0,1.0
X51006334766,X51006334766_PII_01,PERSON_NAME,G1,1.0,1.0
X51006334766,X51006334766_PII_02,PHONE,G1,1.0,1.0
X51006334766,X51006334766_PII_03,ADDRESS_FULL,G1,1.0,1.0
X51006334766,X51006334766_PII_04,PAYMENT_CARD,G1,1.0,1.0
X51006334770,X51006334770_PII_01,PERSON_NAME,G1,1.0,1.0
X51006334770,X51006334770_PII_02,PHONE,G1,1.0,1.0
X51006334770,X51006334770_PII_03,ADDRESS_FULL,G1,1.0,1.0
X51006334770,X51006334770_PII_04,PAYMENT_CARD,G1,1.0,1.0
X51006334819,X51006334819_PII_01,PERSON_NAME,G1,1.0,1.0
X51006334819,X51006334819_PII_02,MEMBER_ID,SUPPLEMENTAL_IDENTIFIER,1.0,1.0
X51006335818,X51006335818_PII_01,TRANSACTION_ID,SUPPLEMENTAL_IDENTIFIER,1.0,1.0
X51006335818,X51006335818_PII_02,PAYMENT_CARD,G1,1.0,1.0
X51006349081,X51006349081_PII_01,PERSON_NAME,G1,1.0,1.0
X51006349081,X51006349081_PII_02,PHONE,G1,1.0,1.0
X51006349081,X51006349081_PII_03,ADDRESS_FULL,G1,1.0,1.0
X51006349081,X51006349081_PII_04,PAYMENT_CARD,G1,1.0,1.0
X51006349083,X51006349083_PII_01,TRANSACTION_ID,SUPPLEMENTAL_IDENTIFIER,1.0,1.0
X51006349083,X51006349083_PII_02,PAYMENT_CARD,G1,1.0,1.0
X51006349085,X51006349085_PII_01,PERSON_NAME,G1,1.0,1.0
X51006349085,X51006349085_PII_02,PHONE,G1,1.0,1.0
X51006349085,X51006349085_PII_03,ADDRESS_FULL,G1,1.0,1.0
X51006349085,X51006349085_PII_04,PAYMENT_CARD,G1,1.0,1.0
X51006350737,X51006350737_PII_01,PERSON_NAME,G1,1.0,1.0
X51006350737,X51006350737_PII_02,PHONE,G1,1.0,1.0
X51006350737,X51006350737_PII_03,ADDRESS_FULL,G1,1.0,1.0
X51006350737,X51006350737_PII_04,PAYMENT_CARD,G1,1.0,1.0
X51006387660,X51006387660_PII_01,TRANSACTION_ID,SUPPLEMENTAL_IDENTIFIER,1.0,1.0
X51006387660,X51006387660_PII_02,PAYMENT_CARD,G1,1.0,1.0
X51006387737,X51006387737_PII_01,PERSON_NAME,G1,1.0,1.0
X51006387737,X51006387737_PII_02,MEMBER_ID,SUPPLEMENTAL_IDENTIFIER,1.0,1.0
X51006387931,X51006387931_PII_01,PHONE,G1,1.0,1.0
X51006387931,X51006387931_PII_02,EMAIL,G1,1.0,1.0
X51006387931,X51006387931_PII_03,ADDRESS_FULL,G1,1.0,1.0
X51006387950,X51006387950_PII_01,PHONE,G1,1.0,1.0
X51006387950,X51006387950_PII_02,EMAIL,G1,1.0,1.0
X51006387950,X51006387950_PII_03,ADDRESS_FULL,G1,1.0,1.0
X51006387973,X51006387973_PII_01,PERSON_NAME,G1,1.0,1.0
X51006387973,X51006387973_PII_02,MEMBER_ID,SUPPLEMENTAL_IDENTIFIER,1.0,1.0
X51006388068,X51006388068_PII_01,TRANSACTION_ID,SUPPLEMENTAL_IDENTIFIER,1.0,1.0
X51006388068,X51006388068_PII_02,PAYMENT_CARD,G1,1.0,1.0
X51006388081,X51006388081_PII_01,PHONE,G1,1.0,1.0
X51006388081,X51006388081_PII_02,EMAIL,G1,1.0,1.0
X51006388081,X51006388081_PII_03,ADDRESS_FULL,G1,1.0,1.0
X51006388089,X51006388089_PII_01,TRANSACTION_ID,SUPPLEMENTAL_IDENTIFIER,1.0,1.0
X51006388089,X51006388089_PII_02,PAYMENT_CARD,G1,1.0,1.0
X51006389894,X51006389894_PII_01,PHONE,G1,1.0,1.0
X51006389894,X51006389894_PII_02,EMAIL,G1,1.0,1.0
X51006389894,X51006389894_PII_03,ADDRESS_FULL,G1,1.0,1.0
X51006389898,X51006389898_PII_01,PERSON_NAME,G1,1.0,1.0
X51006389898,X51006389898_PII_02,MEMBER_ID,SUPPLEMENTAL_IDENTIFIER,1.0,1.0
X51006392167,X51006392167_PII_01,PERSON_NAME,G1,1.0,1.0
X51006392167,X51006392167_PII_02,MEMBER_ID,SUPPLEMENTAL_IDENTIFIER,1.0,1.0
X51006401845,X51006401845_PII_01,PERSON_NAME,G1,1.0,1.0
X51006401845,X51006401845_PII_02,MEMBER_ID,SUPPLEMENTAL_IDENTIFIER,1.0,1.0
X51006401940,X51006401940_PII_01,TRANSACTION_ID,SUPPLEMENTAL_IDENTIFIER,1.0,1.0
X51006401940,X51006401940_PII_02,PAYMENT_CARD,G1,1.0,1.0
X51006401977,X51006401977_PII_01,PERSON_NAME,G1,1.0,1.0
X51006401977,X51006401977_PII_02,PHONE,G1,1.0,1.0
X51006401977,X51006401977_PII_03,ADDRESS_FULL,G1,1.0,1.0
X51006401977,X51006401977_PII_04,PAYMENT_CARD,G1,1.0,1.0
X51006414425,X51006414425_PII_01,TRANSACTION_ID,SUPPLEMENTAL_IDENTIFIER,1.0,1.0
X51006414425,X51006414425_PII_02,PAYMENT_CARD,G1,1.0,1.0
X51006414427,X51006414427_PII_01,TRANSACTION_ID,SUPPLEMENTAL_IDENTIFIER,1.0,1.0
X51006414427,X51006414427_PII_02,PAYMENT_CARD,G1,1.0,1.0
X51006414433,X51006414433_PII_01,TRANSACTION_ID,SUPPLEMENTAL_IDENTIFIER,1.0,1.0
X51006414433,X51006414433_PII_02,PAYMENT_CARD,G1,1.0,1.0
X51006414512,X51006414512_PII_01,PERSON_NAME,G1,1.0,1.0
X51006414512,X51006414512_PII_02,MEMBER_ID,SUPPLEMENTAL_IDENTIFIER,1.0,1.0
X51006414532,X51006414532_PII_01,PERSON_NAME,G1,1.0,1.0
X51006414532,X51006414532_PII_02,PHONE,G1,1.0,1.0
X51006414532,X51006414532_PII_03,ADDRESS_FULL,G1,1.0,1.0
X51006414532,X51006414532_PII_04,PAYMENT_CARD,G1,1.0,1.0
X51006414592,X51006414592_PII_01,TRANSACTION_ID,SUPPLEMENTAL_IDENTIFIER,1.0,1.0
X51006414592,X51006414592_PII_02,PAYMENT_CARD,G1,1.0,1.0
X51006414593,X51006414593_PII_01,TRANSACTION_ID,SUPPLEMENTAL_IDENTIFIER,1.0,1.0
X51006414593,X51006414593_PII_02,PAYMENT_CARD,G1,1.0,1.0
X51006414600,X51006414600_PII_01,PERSON_NAME,G1,1.0,1.0
X51006414600,X51006414600_PII_02,PHONE,G1,1.0,1.0
X51006414600,X51006414600_PII_03,ADDRESS_FULL,G1,1.0,1.0
X51006414600,X51006414600_PII_04,PAYMENT_CARD,G1,1.0,1.0
X51006414632,X51006414632_PII_01,TRANSACTION_ID,SUPPLEMENTAL_IDENTIFIER,1.0,1.0
X51006414632,X51006414632_PII_02,PAYMENT_CARD,G1,1.0,1.0
X51006414702,X51006414702_PII_01,PHONE,G1,1.0,1.0
X51006414702,X51006414702_PII_02,EMAIL,G1,1.0,1.0
X51006414702,X51006414702_PII_03,ADDRESS_FULL,G1,1.0,1.0
X51006414708,X51006414708_PII_01,PHONE,G1,1.0,1.0
X51006414708,X51006414708_PII_02,EMAIL,G1,1.0,1.0
X51006414708,X51006414708_PII_03,ADDRESS_FULL,G1,1.0,1.0
X51006414715,X51006414715_PII_01,PERSON_NAME,G1,1.0,1.0
X51006414715,X51006414715_PII_02,PHONE,G1,1.0,1.0
X51006414715,X51006414715_PII_03,ADDRESS_FULL,G1,1.0,1.0
X51006414715,X51006414715_PII_04,PAYMENT_CARD,G1,1.0,1.0
X51006414717,X51006414717_PII_01,PERSON_NAME,G1,1.0,1.0
X51006414717,X51006414717_PII_02,PHONE,G1,1.0,1.0
X51006414717,X51006414717_PII_03,ADDRESS_FULL,G1,1.0,1.0
X51006414717,X51006414717_PII_04,PAYMENT_CARD,G1,1.0,1.0
X51006414728,X51006414728_PII_01,PERSON_NAME,G1,1.0,1.0
X51006414728,X51006414728_PII_02,MEMBER_ID,SUPPLEMENTAL_IDENTIFIER,1.0,1.0
X51006438346,X51006438346_PII_01,PERSON_NAME,G1,1.0,1.0
X51006438346,X51006438346_PII_02,MEMBER_ID,SUPPLEMENTAL_IDENTIFIER,1.0,1.0
X51006466070,X51006466070_PII_01,PHONE,G1,1.0,1.0
X51006466070,X51006466070_PII_02,EMAIL,G1,1.0,1.0
X51006466070,X51006466070_PII_03,ADDRESS_FULL,G1,1.0,1.0
X51006554841,X51006554841_PII_01,PERSON_NAME,G1,1.0,1.0
X51006554841,X51006554841_PII_02,PHONE,G1,1.0,1.0
X51006554841,X51006554841_PII_03,ADDRESS_FULL,G1,1.0,1.0
X51006554841,X51006554841_PII_04,PAYMENT_CARD,G1,1.0,1.0
X51006555819,X51006555819_PII_01,PERSON_NAME,G1,1.0,1.0
X51006555819,X51006555819_PII_02,MEMBER_ID,SUPPLEMENTAL_IDENTIFIER,1.0,1.0
X51006555833,X51006555833_PII_01,PERSON_NAME,G1,1.0,1.0
X51006555833,X51006555833_PII_02,MEMBER_ID,SUPPLEMENTAL_IDENTIFIER,1.0,1.0
X51006555835,X51006555835_PII_01,PERSON_NAME,G1,1.0,1.0
X51006555835,X51006555835_PII_02,MEMBER_ID,SUPPLEMENTAL_IDENTIFIER,1.0,1.0
X51006556603,X51006556603_PII_01,PHONE,G1,1.0,1.0
X51006556603,X51006556603_PII_02,EMAIL,G1,1.0,1.0
X51006556603,X51006556603_PII_03,ADDRESS_FULL,G1,1.0,1.0
X51006556610,X51006556610_PII_01,PHONE,G1,1.0,1.0
X51006556610,X51006556610_PII_02,EMAIL,G1,1.0,1.0
X51006556610,X51006556610_PII_03,ADDRESS_FULL,G1,1.0,1.0
X51006556648,X51006556648_PII_01,PERSON_NAME,G1,1.0,1.0
X51006556648,X51006556648_PII_02,MEMBER_ID,SUPPLEMENTAL_IDENTIFIER,1.0,1.0
X51006556654,X51006556654_PII_01,PERSON_NAME,G1,1.0,1.0
X51006556654,X51006556654_PII_02,MEMBER_ID,SUPPLEMENTAL_IDENTIFIER,1.0,1.0
X51006556657,X51006556657_PII_01,PERSON_NAME,G1,1.0,1.0
X51006556657,X51006556657_PII_02,MEMBER_ID,SUPPLEMENTAL_IDENTIFIER,1.0,1.0
X51006556658,X51006556658_PII_01,PHONE,G1,1.0,1.0
X51006556658,X51006556658_PII_02,EMAIL,G1,1.0,1.0
X51006556658,X51006556658_PII_03,ADDRESS_FULL,G1,1.0,1.0
X51006556723,X51006556723_PII_01,PHONE,G1,1.0,1.0
X51006556723,X51006556723_PII_02,EMAIL,G1,1.0,1.0
X51006556723,X51006556723_PII_03,ADDRESS_FULL,G1,1.0,1.0
X51006556734,X51006556734_PII_01,PERSON_NAME,G1,1.0,1.0
X51006556734,X51006556734_PII_02,MEMBER_ID,SUPPLEMENTAL_IDENTIFIER,1.0,1.0
X51006556740,X51006556740_PII_01,PERSON_NAME,G1,1.0,1.0
X51006556740,X51006556740_PII_02,MEMBER_ID,SUPPLEMENTAL_IDENTIFIER,1.0,1.0
X51006556806,X51006556806_PII_01,PHONE,G1,1.0,1.0
X51006556806,X51006556806_PII_02,EMAIL,G1,1.0,1.0
X51006556806,X51006556806_PII_03,ADDRESS_FULL,G1,1.0,1.0
X51006556808,X51006556808_PII_01,PERSON_NAME,G1,1.0,1.0
X51006556808,X51006556808_PII_02,MEMBER_ID,SUPPLEMENTAL_IDENTIFIER,1.0,1.0
X51006556809,X51006556809_PII_01,TRANSACTION_ID,SUPPLEMENTAL_IDENTIFIER,1.0,1.0
X51006556809,X51006556809_PII_02,PAYMENT_CARD,G1,1.0,1.0
X51006556810,X51006556810_PII_01,PHONE,G1,1.0,1.0
X51006556810,X51006556810_PII_02,EMAIL,G1,1.0,1.0
X51006556810,X51006556810_PII_03,ADDRESS_FULL,G1,1.0,1.0
X51006556812,X51006556812_PII_01,PERSON_NAME,G1,1.0,1.0
X51006556812,X51006556812_PII_02,MEMBER_ID,SUPPLEMENTAL_IDENTIFIER,1.0,1.0
X51006556821,X51006556821_PII_01,PERSON_NAME,G1,1.0,1.0
X51006556821,X51006556821_PII_02,MEMBER_ID,SUPPLEMENTAL_IDENTIFIER,1.0,1.0
X51006556826,X51006556826_PII_01,PHONE,G1,1.0,1.0
X51006556826,X51006556826_PII_02,EMAIL,G1,1.0,1.0
X51006556826,X51006556826_PII_03,ADDRESS_FULL,G1,1.0,1.0
X51006556827,X51006556827_PII_01,PERSON_NAME,G1,1.0,1.0
X51006556827,X51006556827_PII_02,MEMBER_ID,SUPPLEMENTAL_IDENTIFIER,1.0,1.0
X51006556829,X51006556829_PII_01,PERSON_NAME,G1,1.0,1.0
X51006556829,X51006556829_PII_02,MEMBER_ID,SUPPLEMENTAL_IDENTIFIER,1.0,1.0
X51006556851,X51006556851_PII_01,PERSON_NAME,G1,1.0,1.0
X51006556851,X51006556851_PII_02,MEMBER_ID,SUPPLEMENTAL_IDENTIFIER,1.0,1.0
X51006556865,X51006556865_PII_01,PERSON_NAME,G1,1.0,1.0
X51006556865,X51006556865_PII_02,MEMBER_ID,SUPPLEMENTAL_IDENTIFIER,1.0,1.0
X51006557115,X51006557115_PII_01,PERSON_NAME,G1,1.0,1.0
X51006557115,X51006557115_PII_02,MEMBER_ID,SUPPLEMENTAL_IDENTIFIER,1.0,1.0
X51006557169,X51006557169_PII_01,PERSON_NAME,G1,1.0,1.0
X51006557169,X51006557169_PII_02,MEMBER_ID,SUPPLEMENTAL_IDENTIFIER,1.0,1.0
X51006557187,X51006557187_PII_01,PERSON_NAME,G1,1.0,1.0
X51006557187,X51006557187_PII_02,MEMBER_ID,SUPPLEMENTAL_IDENTIFIER,1.0,1.0
X51006557194,X51006557194_PII_01,PERSON_NAME,G1,1.0,1.0
X51006557194,X51006557194_PII_02,MEMBER_ID,SUPPLEMENTAL_IDENTIFIER,1.0,1.0
X51006557196,X51006557196_PII_01,PERSON_NAME,G1,1.0,1.0
X51006557196,X51006557196_PII_02,MEMBER_ID,SUPPLEMENTAL_IDENTIFIER,1.0,1.0
X51006557208,X51006557208_PII_01,PHONE,G1,1.0,1.0
X51006557208,X51006557208_PII_02,EMAIL,G1,1.0,1.0
X51006557208,X51006557208_PII_03,ADDRESS_FULL,G1,1.0,1.0
X51006557209,X51006557209_PII_01,PERSON_NAME,G1,1.0,1.0
X51006557209,X51006557209_PII_02,MEMBER_ID,SUPPLEMENTAL_IDENTIFIER,1.0,1.0
X51006557507,X51006557507_PII_01,PERSON_NAME,G1,1.0,1.0
X51006557507,X51006557507_PII_02,MEMBER_ID,SUPPLEMENTAL_IDENTIFIER,1.0,1.0
X51006619328,X51006619328_PII_01,TRANSACTION_ID,SUPPLEMENTAL_IDENTIFIER,1.0,1.0
X51006619328,X51006619328_PII_02,PAYMENT_CARD,G1,1.0,1.0
X51006619338,X51006619338_PII_01,PERSON_NAME,G1,1.0,1.0
X51006619338,X51006619338_PII_02,MEMBER_ID,SUPPLEMENTAL_IDENTIFIER,1.0,1.0
X51006619345,X51006619345_PII_01,PERSON_NAME,G1,1.0,1.0
X51006619345,X51006619345_PII_02,MEMBER_ID,SUPPLEMENTAL_IDENTIFIER,1.0,1.0
X51006619346,X51006619346_PII_01,TRANSACTION_ID,SUPPLEMENTAL_IDENTIFIER,1.0,1.0
X51006619346,X51006619346_PII_02,PAYMENT_CARD,G1,1.0,1.0
X51006619503,X51006619503_PII_01,TRANSACTION_ID,SUPPLEMENTAL_IDENTIFIER,1.0,1.0
X51006619503,X51006619503_PII_02,PAYMENT_CARD,G1,1.0,1.0
X51006619506,X51006619506_PII_01,TRANSACTION_ID,SUPPLEMENTAL_IDENTIFIER,1.0,1.0
X51006619506,X51006619506_PII_02,PAYMENT_CARD,G1,1.0,1.0
X51006619507,X51006619507_PII_01,PERSON_NAME,G1,1.0,1.0
X51006619507,X51006619507_PII_02,MEMBER_ID,SUPPLEMENTAL_IDENTIFIER,1.0,1.0
X51006619564,X51006619564_PII_01,TRANSACTION_ID,SUPPLEMENTAL_IDENTIFIER,1.0,1.0
X51006619564,X51006619564_PII_02,PAYMENT_CARD,G1,1.0,1.0
X51006619567,X51006619567_PII_01,TRANSACTION_ID,SUPPLEMENTAL_IDENTIFIER,1.0,1.0
X51006619567,X51006619567_PII_02,PAYMENT_CARD,G1,1.0,1.0
X51006619757,X51006619757_PII_01,TRANSACTION_ID,SUPPLEMENTAL_IDENTIFIER,1.0,1.0
X51006619757,X51006619757_PII_02,PAYMENT_CARD,G1,1.0,1.0
X51006619760,X51006619760_PII_01,TRANSACTION_ID,SUPPLEMENTAL_IDENTIFIER,1.0,1.0
X51006619760,X51006619760_PII_02,PAYMENT_CARD,G1,1.0,1.0
X51006619779,X51006619779_PII_01,TRANSACTION_ID,SUPPLEMENTAL_IDENTIFIER,1.0,1.0
X51006619779,X51006619779_PII_02,PAYMENT_CARD,G1,1.0,1.0
X51006619782,X51006619782_PII_01,TRANSACTION_ID,SUPPLEMENTAL_IDENTIFIER,1.0,1.0
X51006619782,X51006619782_PII_02,PAYMENT_CARD,G1,1.0,1.0
X51006619784,X51006619784_PII_01,TRANSACTION_ID,SUPPLEMENTAL_IDENTIFIER,1.0,1.0
X51006619784,X51006619784_PII_02,PAYMENT_CARD,G1,1.0,1.0
X51006619790,X51006619790_PII_01,TRANSACTION_ID,SUPPLEMENTAL_IDENTIFIER,1.0,1.0
X51006619790,X51006619790_PII_02,PAYMENT_CARD,G1,1.0,1.0
X51006619842,X51006619842_PII_01,TRANSACTION_ID,SUPPLEMENTAL_IDENTIFIER,1.0,1.0
X51006619842,X51006619842_PII_02,PAYMENT_CARD,G1,1.0,1.0
X51006619863,X51006619863_PII_01,PERSON_NAME,G1,1.0,1.0
X51006619863,X51006619863_PII_02,MEMBER_ID,SUPPLEMENTAL_IDENTIFIER,1.0,1.0
X51006619869,X51006619869_PII_01,PERSON_NAME,G1,1.0,1.0
X51006619869,X51006619869_PII_02,PHONE,G1,1.0,1.0
X51006619869,X51006619869_PII_03,ADDRESS_FULL,G1,1.0,1.0
X51006619869,X51006619869_PII_04,PAYMENT_CARD,G1,1.0,1.0
X51006620182,X51006620182_PII_01,PHONE,G1,1.0,1.0
X51006620182,X51006620182_PII_02,EMAIL,G1,1.0,1.0
X51006620182,X51006620182_PII_03,ADDRESS_FULL,G1,1.0,1.0
X51006620192,X51006620192_PII_01,PERSON_NAME,G1,1.0,1.0
X51006620192,X51006620192_PII_02,PHONE,G1,1.0,1.0
X51006620192,X51006620192_PII_03,ADDRESS_FULL,G1,1.0,1.0
X51006620192,X51006620192_PII_04,PAYMENT_CARD,G1,1.0,1.0
X51006620437,X51006620437_PII_01,PERSON_NAME,G1,1.0,1.0
X51006620437,X51006620437_PII_02,MEMBER_ID,SUPPLEMENTAL_IDENTIFIER,1.0,1.0
X51006647984,X51006647984_PII_01,PHONE,G1,1.0,1.0
X51006647984,X51006647984_PII_02,EMAIL,G1,1.0,1.0
X51006647984,X51006647984_PII_03,ADDRESS_FULL,G1,1.0,1.0
X51006714066,X51006714066_PII_01,PHONE,G1,1.0,1.0
X51006714066,X51006714066_PII_02,EMAIL,G1,1.0,1.0
X51006714066,X51006714066_PII_03,ADDRESS_FULL,G1,1.0,1.0
X51006733495,X51006733495_PII_01,PERSON_NAME,G1,1.0,1.0
X51006733495,X51006733495_PII_02,MEMBER_ID,SUPPLEMENTAL_IDENTIFIER,1.0,1.0
X51006828199,X51006828199_PII_01,PHONE,G1,1.0,1.0
X51006828199,X51006828199_PII_02,EMAIL,G1,1.0,1.0
X51006828199,X51006828199_PII_03,ADDRESS_FULL,G1,1.0,1.0
X51006828200,X51006828200_PII_01,TRANSACTION_ID,SUPPLEMENTAL_IDENTIFIER,1.0,1.0
X51006828200,X51006828200_PII_02,PAYMENT_CARD,G1,1.0,1.0
X51006856982,X51006856982_PII_01,PHONE,G1,1.0,1.0
X51006856982,X51006856982_PII_02,EMAIL,G1,1.0,1.0
X51006856982,X51006856982_PII_03,ADDRESS_FULL,G1,1.0,1.0
X51006857132,X51006857132_PII_01,PERSON_NAME,G1,1.0,1.0
X51006857132,X51006857132_PII_02,PHONE,G1,1.0,1.0
X51006857132,X51006857132_PII_03,ADDRESS_FULL,G1,1.0,1.0
X51006857132,X51006857132_PII_04,PAYMENT_CARD,G1,1.0,1.0
X51006857137,X51006857137_PII_01,PERSON_NAME,G1,1.0,1.0
X51006857137,X51006857137_PII_02,MEMBER_ID,SUPPLEMENTAL_IDENTIFIER,1.0,1.0
X51006857540,X51006857540_PII_01,PERSON_NAME,G1,1.0,1.0
X51006857540,X51006857540_PII_02,PHONE,G1,1.0,1.0
X51006857540,X51006857540_PII_03,ADDRESS_FULL,G1,1.0,1.0
X51006857540,X51006857540_PII_04,PAYMENT_CARD,G1,1.0,1.0
X51006912959,X51006912959_PII_01,PERSON_NAME,G1,1.0,1.0
X51006912959,X51006912959_PII_02,MEMBER_ID,SUPPLEMENTAL_IDENTIFIER,1.0,1.0
X51006912976,X51006912976_PII_01,PHONE,G1,1.0,1.0
X51006912976,X51006912976_PII_02,EMAIL,G1,1.0,1.0
X51006912976,X51006912976_PII_03,ADDRESS_FULL,G1,1.0,1.0
X51006912998,X51006912998_PII_01,PERSON_NAME,G1,1.0,1.0
X51006912998,X51006912998_PII_02,MEMBER_ID,SUPPLEMENTAL_IDENTIFIER,1.0,1.0
X51006913018,X51006913018_PII_01,PERSON_NAME,G1,1.0,1.0
X51006913018,X51006913018_PII_02,PHONE,G1,1.0,1.0
X51006913018,X51006913018_PII_03,ADDRESS_FULL,G1,1.0,1.0
X51006913018,X51006913018_PII_04,PAYMENT_CARD,G1,1.0,1.0
X51006913032,X51006913032_PII_01,TRANSACTION_ID,SUPPLEMENTAL_IDENTIFIER,1.0,1.0
X51006913032,X51006913032_PII_02,PAYMENT_CARD,G1,1.0,1.0
X51006913060,X51006913060_PII_01,TRANSACTION_ID,SUPPLEMENTAL_IDENTIFIER,1.0,1.0
X51006913060,X51006913060_PII_02,PAYMENT_CARD,G1,1.0,1.0
X51006913061,X51006913061_PII_01,TRANSACTION_ID,SUPPLEMENTAL_IDENTIFIER,1.0,1.0
X51006913061,X51006913061_PII_02,PAYMENT_CARD,G1,1.0,1.0
X51006913067,X51006913067_PII_01,TRANSACTION_ID,SUPPLEMENTAL_IDENTIFIER,1.0,1.0
X51006913067,X51006913067_PII_02,PAYMENT_CARD,G1,1.0,1.0
X51007103597,X51007103597_PII_01,PHONE,G1,1.0,1.0
X51007103597,X51007103597_PII_02,EMAIL,G1,1.0,1.0
X51007103597,X51007103597_PII_03,ADDRESS_FULL,G1,1.0,1.0
X51007103610,X51007103610_PII_01,PERSON_NAME,G1,1.0,1.0
X51007103610,X51007103610_PII_02,MEMBER_ID,SUPPLEMENTAL_IDENTIFIER,1.0,1.0
X51007103649,X51007103649_PII_01,PERSON_NAME,G1,1.0,1.0
X51007103649,X51007103649_PII_02,MEMBER_ID,SUPPLEMENTAL_IDENTIFIER,1.0,1.0
X51007103668,X51007103668_PII_01,PERSON_NAME,G1,1.0,1.0
X51007103668,X51007103668_PII_02,MEMBER_ID,SUPPLEMENTAL_IDENTIFIER,1.0,1.0
X51007103687,X51007103687_PII_01,PERSON_NAME,G1,1.0,1.0
X51007103687,X51007103687_PII_02,MEMBER_ID,SUPPLEMENTAL_IDENTIFIER,1.0,1.0
X51007225406,X51007225406_PII_01,PERSON_NAME,G1,1.0,1.0
X51007225406,X51007225406_PII_02,MEMBER_ID,SUPPLEMENTAL_IDENTIFIER,1.0,1.0
X51007231274,X51007231274_PII_01,TRANSACTION_ID,SUPPLEMENTAL_IDENTIFIER,1.0,1.0
X51007231274,X51007231274_PII_02,PAYMENT_CARD,G1,1.0,1.0
X51007231275,X51007231275_PII_01,TRANSACTION_ID,SUPPLEMENTAL_IDENTIFIER,1.0,1.0
X51007231275,X51007231275_PII_02,PAYMENT_CARD,G1,1.0,1.0
X51007231276,X51007231276_PII_01,TRANSACTION_ID,SUPPLEMENTAL_IDENTIFIER,1.0,1.0
X51007231276,X51007231276_PII_02,PAYMENT_CARD,G1,1.0,1.0
X51007231331,X51007231331_PII_01,TRANSACTION_ID,SUPPLEMENTAL_IDENTIFIER,1.0,1.0
X51007231331,X51007231331_PII_02,PAYMENT_CARD,G1,1.0,1.0
X51007231341,X51007231341_PII_01,TRANSACTION_ID,SUPPLEMENTAL_IDENTIFIER,1.0,1.0
X51007231341,X51007231341_PII_02,PAYMENT_CARD,G1,1.0,1.0
X51007231343,X51007231343_PII_01,TRANSACTION_ID,SUPPLEMENTAL_IDENTIFIER,1.0,1.0
X51007231343,X51007231343_PII_02,PAYMENT_CARD,G1,1.0,1.0
X51007231346,X51007231346_PII_01,PERSON_NAME,G1,1.0,1.0
X51007231346,X51007231346_PII_02,MEMBER_ID,SUPPLEMENTAL_IDENTIFIER,1.0,1.0
X51007231364,X51007231364_PII_01,TRANSACTION_ID,SUPPLEMENTAL_IDENTIFIER,1.0,1.0
X51007231364,X51007231364_PII_02,PAYMENT_CARD,G1,1.0,1.0
X51007231372,X51007231372_PII_01,PHONE,G1,1.0,1.0
X51007231372,X51007231372_PII_02,EMAIL,G1,1.0,1.0
X51007231372,X51007231372_PII_03,ADDRESS_FULL,G1,1.0,1.0
X51007339105,X51007339105_PII_01,PHONE,G1,1.0,1.0
X51007339105,X51007339105_PII_02,EMAIL,G1,1.0,1.0
X51007339105,X51007339105_PII_03,ADDRESS_FULL,G1,1.0,1.0
X51007339109,X51007339109_PII_01,PHONE,G1,1.0,1.0
X51007339109,X51007339109_PII_02,EMAIL,G1,1.0,1.0
X51007339109,X51007339109_PII_03,ADDRESS_FULL,G1,1.0,1.0
X51007339116,X51007339116_PII_01,PHONE,G1,1.0,1.0
X51007339116,X51007339116_PII_02,EMAIL,G1,1.0,1.0
X51007339116,X51007339116_PII_03,ADDRESS_FULL,G1,1.0,1.0
X51007339119,X51007339119_PII_01,PHONE,G1,1.0,1.0
X51007339119,X51007339119_PII_02,EMAIL,G1,1.0,1.0
X51007339119,X51007339119_PII_03,ADDRESS_FULL,G1,1.0,1.0
X51007339121,X51007339121_PII_01,PHONE,G1,1.0,1.0
X51007339121,X51007339121_PII_02,EMAIL,G1,1.0,1.0
X51007339121,X51007339121_PII_03,ADDRESS_FULL,G1,1.0,1.0
X51007339122,X51007339122_PII_01,PHONE,G1,1.0,1.0
X51007339122,X51007339122_PII_02,EMAIL,G1,1.0,1.0
X51007339122,X51007339122_PII_03,ADDRESS_FULL,G1,1.0,1.0
X51007339125,X51007339125_PII_01,PHONE,G1,1.0,1.0
X51007339125,X51007339125_PII_02,EMAIL,G1,1.0,1.0
X51007339125,X51007339125_PII_03,ADDRESS_FULL,G1,1.0,1.0
X51007339127,X51007339127_PII_01,PHONE,G1,1.0,1.0
X51007339127,X51007339127_PII_02,EMAIL,G1,1.0,1.0
X51007339127,X51007339127_PII_03,ADDRESS_FULL,G1,1.0,1.0
X51007339134,X51007339134_PII_01,PHONE,G1,1.0,1.0
X51007339134,X51007339134_PII_02,EMAIL,G1,1.0,1.0
X51007339134,X51007339134_PII_03,ADDRESS_FULL,G1,1.0,1.0
X51007339159,X51007339159_PII_01,PHONE,G1,1.0,1.0
X51007339159,X51007339159_PII_02,EMAIL,G1,1.0,1.0
X51007339159,X51007339159_PII_03,ADDRESS_FULL,G1,1.0,1.0
X51007339160,X51007339160_PII_01,PHONE,G1,1.0,1.0
X51007339160,X51007339160_PII_02,EMAIL,G1,1.0,1.0
X51007339160,X51007339160_PII_03,ADDRESS_FULL,G1,1.0,1.0
X51007339161,X51007339161_PII_01,PHONE,G1,1.0,1.0
X51007339161,X51007339161_PII_02,EMAIL,G1,1.0,1.0
X51007339161,X51007339161_PII_03,ADDRESS_FULL,G1,1.0,1.0
X51007339163,X51007339163_PII_01,PHONE,G1,1.0,1.0
X51007339163,X51007339163_PII_02,EMAIL,G1,1.0,1.0
X51007339163,X51007339163_PII_03,ADDRESS_FULL,G1,1.0,1.0
X51007339638,X51007339638_PII_01,PERSON_NAME,G1,1.0,1.0
X51007339638,X51007339638_PII_02,PHONE,G1,1.0,1.0
X51007339638,X51007339638_PII_03,ADDRESS_FULL,G1,1.0,1.0
X51007339638,X51007339638_PII_04,PAYMENT_CARD,G1,1.0,1.0
X51007391390,X51007391390_PII_01,TRANSACTION_ID,SUPPLEMENTAL_IDENTIFIER,1.0,1.0
X51007391390,X51007391390_PII_02,PAYMENT_CARD,G1,1.0,1.0
X51007433809,X51007433809_PII_01,TRANSACTION_ID,SUPPLEMENTAL_IDENTIFIER,1.0,1.0
X51007433809,X51007433809_PII_02,PAYMENT_CARD,G1,1.0,1.0
X51007579714,X51007579714_PII_01,TRANSACTION_ID,SUPPLEMENTAL_IDENTIFIER,1.0,1.0
X51007579714,X51007579714_PII_02,PAYMENT_CARD,G1,1.0,1.0
X51007579719,X51007579719_PII_01,PERSON_NAME,G1,1.0,1.0
X51007579719,X51007579719_PII_02,MEMBER_ID,SUPPLEMENTAL_IDENTIFIER,1.0,1.0
X51007579725,X51007579725_PII_01,PHONE,G1,1.0,1.0
X51007579725,X51007579725_PII_02,EMAIL,G1,1.0,1.0
X51007579725,X51007579725_PII_03,ADDRESS_FULL,G1,1.0,1.0
X51007846266,X51007846266_PII_01,TRANSACTION_ID,SUPPLEMENTAL_IDENTIFIER,1.0,1.0
X51007846266,X51007846266_PII_02,PAYMENT_CARD,G1,1.0,1.0
X51007846268,X51007846268_PII_01,TRANSACTION_ID,SUPPLEMENTAL_IDENTIFIER,1.0,1.0
X51007846268,X51007846268_PII_02,PAYMENT_CARD,G1,1.0,1.0
X51007846282,X51007846282_PII_01,PERSON_NAME,G1,1.0,1.0
X51007846282,X51007846282_PII_02,MEMBER_ID,SUPPLEMENTAL_IDENTIFIER,1.0,1.0
X51007846283,X51007846283_PII_01,PERSON_NAME,G1,1.0,1.0
X51007846283,X51007846283_PII_02,PHONE,G1,1.0,1.0
X51007846283,X51007846283_PII_03,ADDRESS_FULL,G1,1.0,1.0
X51007846283,X51007846283_PII_04,PAYMENT_CARD,G1,1.0,1.0
X51007846288,X51007846288_PII_01,TRANSACTION_ID,SUPPLEMENTAL_IDENTIFIER,1.0,1.0
X51007846288,X51007846288_PII_02,PAYMENT_CARD,G1,1.0,1.0
X51007846289,X51007846289_PII_01,PERSON_NAME,G1,1.0,1.0
X51007846289,X51007846289_PII_02,PHONE,G1,1.0,1.0
X51007846289,X51007846289_PII_03,ADDRESS_FULL,G1,1.0,1.0
X51007846289,X51007846289_PII_04,PAYMENT_CARD,G1,1.0,1.0
X51007846290,X51007846290_PII_01,TRANSACTION_ID,SUPPLEMENTAL_IDENTIFIER,1.0,1.0
X51007846290,X51007846290_PII_02,PAYMENT_CARD,G1,1.0,1.0
X51007846303,X51007846303_PII_01,TRANSACTION_ID,SUPPLEMENTAL_IDENTIFIER,1.0,1.0
X51007846303,X51007846303_PII_02,PAYMENT_CARD,G1,1.0,1.0
X51007846304,X51007846304_PII_01,TRANSACTION_ID,SUPPLEMENTAL_IDENTIFIER,1.0,1.0
X51007846304,X51007846304_PII_02,PAYMENT_CARD,G1,1.0,1.0
X51007846310,X51007846310_PII_01,PERSON_NAME,G1,1.0,1.0
X51007846310,X51007846310_PII_02,PHONE,G1,1.0,1.0
X51007846310,X51007846310_PII_03,ADDRESS_FULL,G1,1.0,1.0
X51007846310,X51007846310_PII_04,PAYMENT_CARD,G1,1.0,1.0
X51007846321,X51007846321_PII_01,PHONE,G1,1.0,1.0
X51007846321,X51007846321_PII_02,EMAIL,G1,1.0,1.0
X51007846321,X51007846321_PII_03,ADDRESS_FULL,G1,1.0,1.0
X51007846355,X51007846355_PII_01,PERSON_NAME,G1,1.0,1.0
X51007846355,X51007846355_PII_02,PHONE,G1,1.0,1.0
X51007846355,X51007846355_PII_03,ADDRESS_FULL,G1,1.0,1.0
X51007846355,X51007846355_PII_04,PAYMENT_CARD,G1,1.0,1.0
X51007846358,X51007846358_PII_01,PHONE,G1,1.0,1.0
X51007846358,X51007846358_PII_02,EMAIL,G1,1.0,1.0
X51007846358,X51007846358_PII_03,ADDRESS_FULL,G1,1.0,1.0
X51007846361,X51007846361_PII_01,TRANSACTION_ID,SUPPLEMENTAL_IDENTIFIER,1.0,1.0
X51007846361,X51007846361_PII_02,PAYMENT_CARD,G1,1.0,1.0
X51007846371,X51007846371_PII_01,TRANSACTION_ID,SUPPLEMENTAL_IDENTIFIER,1.0,1.0
X51007846371,X51007846371_PII_02,PAYMENT_CARD,G1,1.0,1.0
X51007846372,X51007846372_PII_01,TRANSACTION_ID,SUPPLEMENTAL_IDENTIFIER,1.0,1.0
X51007846372,X51007846372_PII_02,PAYMENT_CARD,G1,1.0,1.0
X51007846379,X51007846379_PII_01,PERSON_NAME,G1,1.0,1.0
X51007846379,X51007846379_PII_02,PHONE,G1,1.0,1.0
X51007846379,X51007846379_PII_03,ADDRESS_FULL,G1,1.0,1.0
X51007846379,X51007846379_PII_04,PAYMENT_CARD,G1,1.0,1.0
X51007846387,X51007846387_PII_01,PERSON_NAME,G1,1.0,1.0
X51007846387,X51007846387_PII_02,MEMBER_ID,SUPPLEMENTAL_IDENTIFIER,1.0,1.0
X51007846392,X51007846392_PII_01,TRANSACTION_ID,SUPPLEMENTAL_IDENTIFIER,1.0,1.0
X51007846392,X51007846392_PII_02,PAYMENT_CARD,G1,1.0,1.0
X51007846396,X51007846396_PII_01,TRANSACTION_ID,SUPPLEMENTAL_IDENTIFIER,1.0,1.0
X51007846396,X51007846396_PII_02,PAYMENT_CARD,G1,1.0,1.0
X51007846397,X51007846397_PII_01,TRANSACTION_ID,SUPPLEMENTAL_IDENTIFIER,1.0,1.0
X51007846397,X51007846397_PII_02,PAYMENT_CARD,G1,1.0,1.0
X51007846400,X51007846400_PII_01,PHONE,G1,1.0,1.0
X51007846400,X51007846400_PII_02,EMAIL,G1,1.0,1.0
X51007846400,X51007846400_PII_03,ADDRESS_FULL,G1,1.0,1.0
X51007846403,X51007846403_PII_01,PERSON_NAME,G1,1.0,1.0
X51007846403,X51007846403_PII_02,MEMBER_ID,SUPPLEMENTAL_IDENTIFIER,1.0,1.0
X51008030561,X51008030561_PII_01,PERSON_NAME,G1,1.0,1.0
X51008030561,X51008030561_PII_02,MEMBER_ID,SUPPLEMENTAL_IDENTIFIER,1.0,1.0
X51008030563,X51008030563_PII_01,PERSON_NAME,G1,1.0,1.0
X51008030563,X51008030563_PII_02,MEMBER_ID,SUPPLEMENTAL_IDENTIFIER,1.0,1.0
X51008042779,X51008042779_PII_01,PERSON_NAME,G1,1.0,1.0
X51008042779,X51008042779_PII_02,MEMBER_ID,SUPPLEMENTAL_IDENTIFIER,1.0,1.0
X51008042780,X51008042780_PII_01,PERSON_NAME,G1,1.0,1.0
X51008042780,X51008042780_PII_02,MEMBER_ID,SUPPLEMENTAL_IDENTIFIER,1.0,1.0
X51008042781,X51008042781_PII_01,PERSON_NAME,G1,1.0,1.0
X51008042781,X51008042781_PII_02,MEMBER_ID,SUPPLEMENTAL_IDENTIFIER,1.0,1.0
X51008042787,X51008042787_PII_01,PERSON_NAME,G1,1.0,1.0
X51008042787,X51008042787_PII_02,MEMBER_ID,SUPPLEMENTAL_IDENTIFIER,1.0,1.0
X51008099047,X51008099047_PII_01,PERSON_NAME,G1,1.0,1.0
X51008099047,X51008099047_PII_02,MEMBER_ID,SUPPLEMENTAL_IDENTIFIER,1.0,1.0
X51008099086,X51008099086_PII_01,PERSON_NAME,G1,1.0,1.0
X51008099086,X51008099086_PII_02,MEMBER_ID,SUPPLEMENTAL_IDENTIFIER,1.0,1.0
X51008099088,X51008099088_PII_01,PERSON_NAME,G1,1.0,1.0
X51008099088,X51008099088_PII_02,MEMBER_ID,SUPPLEMENTAL_IDENTIFIER,1.0,1.0
X51008099090,X51008099090_PII_01,PERSON_NAME,G1,1.0,1.0
X51008099090,X51008099090_PII_02,MEMBER_ID,SUPPLEMENTAL_IDENTIFIER,1.0,1.0
