document_id,condition,exact_company,exact_date,exact_address,exact_total,field_exact
X00016469670,SOURCE_UNAUGMENTED,0,1,0,1,0.5
X00016469670,MASK_company,0,1,0,1,0.5
X00016469671,SOURCE_UNAUGMENTED,1,1,1,1,1.0
X00016469671,MASK_company,0,1,1,1,0.75
X51005200931,SOURCE_UNAUGMENTED,1,1,0,0,0.5
X51005200931,MASK_company,0,1,0,0,0.25
X51005200931,MASK_address,1,1,0,0,0.5
X51005230605,SOURCE_UNAUGMENTED,0,1,0,1,0.5
X51005230605,MASK_company,0,1,0,1,0.5
X51005230605,MASK_date,1,0,0,1,0.5
X51005230605,MASK_total,0,1,0,0,0.25
X51005230616,SOURCE_UNAUGMENTED,0,1,0,1,0.5
X51005230616,MASK_company,0,1,0,1,0.5
X51005230621,SOURCE_UNAUGMENTED,0,1,0,1,0.5
X51005230621,MASK_date,0,1,0,1,0.5
X51005230648,SOURCE_UNAUGMENTED,1,1,1,0,0.75
X51005230648,MASK_company,0,1,0,0,0.25
X51005230648,MASK_total,1,1,1,0,0.75
X51005230657,SOURCE_UNAUGMENTED,1,0,0,1,0.5
X51005230657,MASK_company,0,0,0,1,0.25
X51005230659,SOURCE_UNAUGMENTED,1,1,0,0,0.5
X51005230659,MASK_company,0,1,0,0,0.25
X51005230659,MASK_date,1,0,0,0,0.25
X51005268275,SOURCE_UNAUGMENTED,1,1,0,0,0.5
X51005268275,MASK_company,0,1,0,0,0.25
X51005268408,SOURCE_UNAUGMENTED,1,1,1,0,0.75
X51005268408,MASK_date,0,0,1,0,0.25
X51005268408,MASK_total,1,1,1,0,0.75
X51005288570,SOURCE_UNAUGMENTED,0,1,0,1,0.5
X51005288570,MASK_company,0,1,0,1,0.5
X51005288570,MASK_total,0,1,0,0,0.25
X51005337867,SOURCE_UNAUGMENTED,0,0,0,1,0.25
X51005337867,MASK_address,0,0,0,1,0.25
X51005337877,SOURCE_UNAUGMENTED,1,1,1,0,0.75
X51005337877,MASK_company,0,1,0,0,0.25
X51005361906,SOURCE_UNAUGMENTED,0,1,0,1,0.5
X51005361908,SOURCE_UNAUGMENTED,0,1,0,1,0.5
X51005361908,MASK_company,0,1,0,1,0.5
X51005361912,SOURCE_UNAUGMENTED,0,1,0,1,0.5
X51005361912,MASK_company,0,1,0,1,0.5
X51005361923,SOURCE_UNAUGMENTED,1,0,0,1,0.5
X51005361923,MASK_company,0,0,0,1,0.25
X51005361923,MASK_date,1,0,0,1,0.5
X51005365187,SOURCE_UNAUGMENTED,1,1,0,1,0.75
X51005365187,MASK_company,0,1,0,1,0.5
X51005365187,MASK_date,1,0,0,1,0.5
X51005433518,SOURCE_UNAUGMENTED,1,0,1,0,0.5
X51005433518,MASK_company,0,0,0,0,0.0
X51005433518,MASK_total,1,0,1,0,0.5
X51005433543,SOURCE_UNAUGMENTED,1,0,1,1,0.75
X51005433543,MASK_company,0,0,0,1,0.25
X51005433543,MASK_total,0,0,0,1,0.25
X51005433548,SOURCE_UNAUGMENTED,0,0,0,1,0.25
X51005433548,MASK_company,0,0,0,1,0.25
X51005433548,MASK_date,0,0,0,1,0.25
X51005433556,SOURCE_UNAUGMENTED,0,0,0,1,0.25
X51005433556,MASK_company,0,0,0,1,0.25
X51005442322,SOURCE_UNAUGMENTED,0,0,0,0,0.0
X51005442322,MASK_total,0,0,0,0,0.0
X51005442334,SOURCE_UNAUGMENTED,0,0,0,1,0.25
X51005442334,MASK_company,0,0,0,1,0.25
X51005442334,MASK_total,0,0,0,1,0.25
X51005442343,SOURCE_UNAUGMENTED,0,0,0,0,0.0
X51005442343,MASK_company,0,0,0,0,0.0
X51005442366,SOURCE_UNAUGMENTED,0,0,0,1,0.25
X51005442366,MASK_company,0,0,0,1,0.25
X51005442375,SOURCE_UNAUGMENTED,1,0,1,0,0.5
X51005442375,MASK_company,0,0,0,0,0.0
X51005442375,MASK_total,1,0,1,0,0.5
X51005442382,SOURCE_UNAUGMENTED,0,0,0,0,0.0
X51005442382,MASK_company,0,0,0,0,0.0
X51005442388,SOURCE_UNAUGMENTED,0,1,0,0,0.25
X51005442388,MASK_total,0,1,0,0,0.25
X51005444040,SOURCE_UNAUGMENTED,1,1,0,1,0.75
X51005444040,MASK_company,0,1,0,1,0.5
X51005444040,MASK_date,1,0,0,1,0.5
X51005444041,SOURCE_UNAUGMENTED,1,0,0,1,0.5
X51005444041,MASK_company,0,0,0,1,0.25
X51005444041,MASK_date,1,0,0,1,0.5
X51005444044,SOURCE_UNAUGMENTED,1,1,1,0,0.75
X51005444044,MASK_date,1,0,1,0,0.5
X51005444044,MASK_total,1,1,1,0,0.75
X51005444046,SOURCE_UNAUGMENTED,1,0,0,1,0.5
X51005444046,MASK_date,1,0,0,1,0.5
X51005444046,MASK_total,1,0,0,0,0.25
X51005447841,SOURCE_UNAUGMENTED,0,1,0,0,0.25
X51005447841,MASK_company,0,1,0,0,0.25
X51005447841,MASK_address,0,1,0,0,0.25
X51005447842,SOURCE_UNAUGMENTED,0,1,0,0,0.25
X51005447842,MASK_company,0,1,1,0,0.5
X51005447842,MASK_address,0,1,0,0,0.25
X51005447844,SOURCE_UNAUGMENTED,1,1,0,0,0.5
X51005447844,MASK_company,0,1,0,0,0.25
X51005447844,MASK_total,1,1,0,0,0.5
X51005447851,SOURCE_UNAUGMENTED,0,1,0,0,0.25
X51005447851,MASK_company,0,1,0,0,0.25
X51005447851,MASK_address,0,1,0,0,0.25
X51005447859,SOURCE_UNAUGMENTED,0,1,0,0,0.25
X51005447859,MASK_company,0,1,0,0,0.25
X51005447859,MASK_address,0,1,0,0,0.25
X51005568855,SOURCE_UNAUGMENTED,1,1,0,0,0.5
X51005568855,MASK_company,0,1,0,0,0.25
X51005568866,SOURCE_UNAUGMENTED,1,1,0,0,0.5
X51005568866,MASK_company,0,1,1,0,0.5
X51005568866,MASK_total,1,1,0,0,0.5
X51005568885,SOURCE_UNAUGMENTED,1,1,0,1,0.75
X51005568885,MASK_company,0,1,0,1,0.5
X51005568885,MASK_date,1,0,0,1,0.5
X51005568887,SOURCE_UNAUGMENTED,1,1,1,1,1.0
X51005568887,MASK_company,0,1,0,1,0.5
X51005568889,SOURCE_UNAUGMENTED,1,1,1,1,1.0
X51005568889,MASK_company,0,1,1,1,0.75
X51005568890,SOURCE_UNAUGMENTED,1,1,1,1,1.0
X51005568890,MASK_company,0,1,0,1,0.5
X51005568892,SOURCE_UNAUGMENTED,1,0,0,1,0.5
X51005568892,MASK_company,0,0,0,1,0.25
X51005568892,MASK_date,1,0,0,1,0.5
X51005568894,SOURCE_UNAUGMENTED,1,1,0,1,0.75
X51005568894,MASK_address,1,1,0,1,0.75
X51005568894,MASK_total,1,1,0,0,0.5
X51005568895,SOURCE_UNAUGMENTED,1,1,1,1,1.0
X51005568895,MASK_address,1,1,0,1,0.75
X51005568895,MASK_total,1,1,1,0,0.75
X51005577191,SOURCE_UNAUGMENTED,1,1,0,0,0.5
X51005577191,MASK_company,0,1,0,0,0.25
X51005582745,SOURCE_UNAUGMENTED,1,1,0,0,0.5
X51005582745,MASK_company,0,1,0,0,0.25
X51005587261,SOURCE_UNAUGMENTED,1,1,0,1,0.75
X51005587261,MASK_company,0,1,0,1,0.5
X51005605287,SOURCE_UNAUGMENTED,1,1,1,1,1.0
X51005605287,MASK_date,1,0,1,1,0.75
X51005605295,SOURCE_UNAUGMENTED,0,1,0,0,0.25
X51005605332,SOURCE_UNAUGMENTED,1,1,1,1,1.0
X51005605332,MASK_company,0,1,1,1,0.75
X51005605332,MASK_date,0,0,1,1,0.5
X51005605332,MASK_total,1,1,1,0,0.75
X51005621482,SOURCE_UNAUGMENTED,1,1,1,1,1.0
X51005621482,MASK_company,0,1,0,0,0.25
X51005663274,SOURCE_UNAUGMENTED,1,1,1,1,1.0
X51005663274,MASK_company,0,1,0,1,0.5
X51005663300,SOURCE_UNAUGMENTED,1,1,1,1,1.0
X51005663300,MASK_company,0,1,0,1,0.5
X51005663307,SOURCE_UNAUGMENTED,0,1,1,1,0.75
X51005663309,SOURCE_UNAUGMENTED,1,1,0,0,0.5
X51005663309,MASK_company,0,1,0,0,0.25
X51005663309,MASK_total,1,1,0,0,0.5
X51005663310,SOURCE_UNAUGMENTED,1,1,1,1,1.0
X51005663310,MASK_company,0,1,0,1,0.5
X51005663323,SOURCE_UNAUGMENTED,0,1,0,0,0.25
X51005663323,MASK_company,0,1,0,0,0.25
X51005675099,SOURCE_UNAUGMENTED,1,1,1,0,0.75
X51005675099,MASK_company,0,1,1,0,0.5
X51005675099,MASK_date,1,0,1,0,0.5
X51005675103,SOURCE_UNAUGMENTED,1,1,1,0,0.75
X51005675103,MASK_company,0,1,0,0,0.25
X51005675104,SOURCE_UNAUGMENTED,1,1,1,1,1.0
X51005675104,MASK_company,0,1,0,1,0.5
X51005675914,SOURCE_UNAUGMENTED,1,0,0,1,0.5
X51005675914,MASK_company,0,0,0,1,0.25
X51005675914,MASK_total,1,0,0,0,0.25
X51005676534,SOURCE_UNAUGMENTED,1,1,1,1,1.0
X51005676534,MASK_company,0,1,0,1,0.5
X51005676535,SOURCE_UNAUGMENTED,1,1,1,1,1.0
X51005676535,MASK_company,0,1,0,1,0.5
X51005676537,SOURCE_UNAUGMENTED,1,1,1,1,1.0
X51005676537,MASK_company,0,1,0,1,0.5
X51005676542,SOURCE_UNAUGMENTED,1,1,1,0,0.75
X51005676542,MASK_company,0,1,0,0,0.25
X51005676548,SOURCE_UNAUGMENTED,1,1,1,1,1.0
X51005676548,MASK_company,0,1,0,1,0.5
X51005677327,SOURCE_UNAUGMENTED,1,1,1,1,1.0
X51005677327,MASK_company,0,1,0,1,0.5
X51005677333,SOURCE_UNAUGMENTED,1,1,1,1,1.0
X51005677333,MASK_company,0,1,0,1,0.5
X51005677336,SOURCE_UNAUGMENTED,1,1,1,1,1.0
X51005677336,MASK_company,0,1,0,1,0.5
X51005677337,SOURCE_UNAUGMENTED,1,1,1,1,1.0
X51005677337,MASK_company,0,1,0,1,0.5
X510056849111,SOURCE_UNAUGMENTED,1,1,1,0,0.75
X510056849111,MASK_company,0,1,1,0,0.5
X510056849111,MASK_date,1,0,1,0,0.5
X51005705727,SOURCE_UNAUGMENTED,1,1,0,1,0.75
X51005705727,MASK_company,0,1,0,1,0.5
X51005705727,MASK_total,1,1,0,0,0.5
X51005705729,SOURCE_UNAUGMENTED,1,0,0,0,0.25
X51005705729,MASK_company,0,0,0,0,0.0
X51005705729,MASK_total,1,0,0,0,0.25
X51005705759,SOURCE_UNAUGMENTED,0,0,0,0,0.0
X51005705759,MASK_company,0,0,0,0,0.0
X51005705784,SOURCE_UNAUGMENTED,0,1,0,0,0.25
X51005705784,MASK_company,0,1,0,0,0.25
X51005710963,SOURCE_UNAUGMENTED,0,1,0,0,0.25
X51005710963,MASK_company,0,1,0,0,0.25
X51005710963,MASK_total,0,1,0,0,0.25
X51005711402,SOURCE_UNAUGMENTED,1,1,1,1,1.0
X51005711402,MASK_company,0,1,1,1,0.75
X51005711443,SOURCE_UNAUGMENTED,1,1,1,1,1.0
X51005711443,MASK_company,0,1,1,1,0.75
X51005711444,SOURCE_UNAUGMENTED,1,1,1,1,1.0
X51005711444,MASK_company,0,1,1,1,0.75
X51005711446,SOURCE_UNAUGMENTED,1,1,1,1,1.0
X51005711446,MASK_company,0,1,1,1,0.75
X51005711449,SOURCE_UNAUGMENTED,1,1,1,1,1.0
X51005711449,MASK_company,0,1,1,1,0.75
X51005715006,SOURCE_UNAUGMENTED,1,1,0,1,0.75
X51005715006,MASK_company,0,1,0,1,0.5
X51005715007,SOURCE_UNAUGMENTED,0,1,0,1,0.5
X51005715007,MASK_company,0,1,0,1,0.5
X51005715455,SOURCE_UNAUGMENTED,1,0,0,0,0.25
X51005715455,MASK_date,1,0,0,0,0.25
X51005719823,SOURCE_UNAUGMENTED,0,1,0,1,0.5
X51005719823,MASK_company,0,1,0,1,0.5
X51005719855,SOURCE_UNAUGMENTED,1,1,0,0,0.5
X51005719855,MASK_total,1,1,0,0,0.5
X51005719857,SOURCE_UNAUGMENTED,1,1,0,1,0.75
X51005719857,MASK_date,1,1,0,1,0.75
X51005719857,MASK_total,1,1,0,0,0.5
X51005719863,SOURCE_UNAUGMENTED,1,1,0,1,0.75
X51005719863,MASK_company,0,1,0,1,0.5
X51005719888,SOURCE_UNAUGMENTED,1,1,0,1,0.75
X51005719888,MASK_company,0,1,0,1,0.5
X51005719889,SOURCE_UNAUGMENTED,1,1,0,1,0.75
X51005719889,MASK_company,0,1,0,1,0.5
X51005719895,SOURCE_UNAUGMENTED,0,0,0,1,0.25
X51005719895,MASK_company,0,0,0,1,0.25
X51005719895,MASK_date,0,0,0,1,0.25
X51005719898,SOURCE_UNAUGMENTED,1,1,1,0,0.75
X51005719898,MASK_company,0,1,0,0,0.25
X51005719903,SOURCE_UNAUGMENTED,1,1,0,1,0.75
X51005719903,MASK_company,0,1,0,1,0.5
X51005719905,SOURCE_UNAUGMENTED,1,1,0,1,0.75
X51005719905,MASK_company,0,1,0,1,0.5
X51005719905,MASK_date,1,0,0,1,0.5
X51005724552,SOURCE_UNAUGMENTED,1,1,1,1,1.0
X51005724552,MASK_company,0,1,0,1,0.5
X51005724609,SOURCE_UNAUGMENTED,1,1,0,1,0.75
X51005724609,MASK_company,0,1,0,1,0.5
X51005724609,MASK_date,1,0,0,1,0.5
X51005724609,MASK_address,1,1,0,1,0.75
X51005724611,SOURCE_UNAUGMENTED,1,1,1,1,1.0
X51005724611,MASK_company,0,1,0,1,0.5
X51005724622,SOURCE_UNAUGMENTED,1,1,1,1,1.0
X51005724622,MASK_company,0,1,0,1,0.5
X51005724623,SOURCE_UNAUGMENTED,0,1,0,1,0.5
X51005724624,SOURCE_UNAUGMENTED,1,1,1,1,1.0
X51005724624,MASK_company,0,1,0,1,0.5
X51005724625,SOURCE_UNAUGMENTED,1,1,1,0,0.75
X51005724625,MASK_company,0,1,1,0,0.5
X51005724626,SOURCE_UNAUGMENTED,1,1,1,1,1.0
X51005724626,MASK_company,0,1,0,1,0.5
X51005724628,SOURCE_UNAUGMENTED,1,1,1,1,1.0
X51005724628,MASK_company,0,1,0,1,0.5
X51005741929,SOURCE_UNAUGMENTED,1,1,0,1,0.75
X51005742110,SOURCE_UNAUGMENTED,1,1,1,1,1.0
X51005742110,MASK_company,0,1,0,0,0.25
X51005745213,SOURCE_UNAUGMENTED,1,1,0,1,0.75
X51005745213,MASK_company,0,1,0,1,0.5
X51005745244,SOURCE_UNAUGMENTED,1,1,0,1,0.75
X51005745298,SOURCE_UNAUGMENTED,1,1,1,0,0.75
X51005745298,MASK_date,1,0,1,0,0.5
X51005745298,MASK_total,1,1,1,0,0.75
X51005746203,SOURCE_UNAUGMENTED,0,0,0,0,0.0
X51005746203,MASK_company,0,0,0,0,0.0
X51005746203,MASK_date,0,0,0,0,0.0
X51005746204,SOURCE_UNAUGMENTED,1,0,0,1,0.5
X51005746204,MASK_company,0,0,0,1,0.25
X51005746206,SOURCE_UNAUGMENTED,1,1,0,0,0.5
X51005746206,MASK_company,0,1,0,0,0.25
X51005746206,MASK_date,1,0,0,0,0.25
X51005746207,SOURCE_UNAUGMENTED,0,1,0,1,0.5
X51005746207,MASK_company,0,1,0,1,0.5
X51005746207,MASK_date,0,0,0,1,0.25
X51005746207,MASK_total,0,1,0,0,0.25
X51005746210,SOURCE_UNAUGMENTED,0,1,0,0,0.25
X51005749904,SOURCE_UNAUGMENTED,1,1,0,0,0.5
X51005749904,MASK_company,0,1,0,0,0.25
X51005749904,MASK_date,1,0,0,0,0.25
X51005757220,SOURCE_UNAUGMENTED,1,1,1,1,1.0
X51005757233,SOURCE_UNAUGMENTED,1,1,0,1,0.75
X51005757233,MASK_company,0,1,0,1,0.5
X51005757282,SOURCE_UNAUGMENTED,0,1,1,1,0.75
X51005757282,MASK_company,0,1,1,1,0.75
X51005757282,MASK_total,0,1,1,0,0.5
X51005757292,SOURCE_UNAUGMENTED,1,1,1,0,0.75
X51005757292,MASK_company,0,1,0,0,0.25
X51005757292,MASK_total,1,1,1,0,0.75
X51005757308,SOURCE_UNAUGMENTED,1,1,1,0,0.75
X51005757308,MASK_company,0,1,0,0,0.25
X51005757342,SOURCE_UNAUGMENTED,1,1,1,0,0.75
X51005757342,MASK_company,0,1,0,0,0.25
X51005763958,SOURCE_UNAUGMENTED,0,1,1,0,0.5
X51005763958,MASK_company,0,1,1,0,0.5
X51005763958,MASK_date,0,0,1,0,0.25
X51005763964,SOURCE_UNAUGMENTED,1,1,0,1,0.75
X51005763964,MASK_company,0,1,0,1,0.5
X51005763999,SOURCE_UNAUGMENTED,0,0,0,1,0.25
X51005764031,SOURCE_UNAUGMENTED,0,0,0,1,0.25
X51005764031,MASK_company,0,0,0,1,0.25
X51005764031,MASK_date,0,0,0,1,0.25
X51005764154,SOURCE_UNAUGMENTED,1,1,0,0,0.5
X51005764154,MASK_company,0,1,0,0,0.25
X51005764161,SOURCE_UNAUGMENTED,1,0,1,1,0.75
X51005764161,MASK_date,1,0,1,1,0.75
X51005806692,SOURCE_UNAUGMENTED,0,1,0,1,0.5
X51005806692,MASK_company,0,1,0,1,0.5
X51005806695,SOURCE_UNAUGMENTED,0,1,0,1,0.5
X51005806695,MASK_company,0,1,0,1,0.5
X51005806696,SOURCE_UNAUGMENTED,1,1,0,0,0.5
X51005806696,MASK_company,0,1,1,0,0.5
X51005806696,MASK_total,1,1,0,0,0.5
X51005806718,SOURCE_UNAUGMENTED,1,1,0,0,0.5
X51005806718,MASK_company,0,1,0,0,0.25
X51005806719,SOURCE_UNAUGMENTED,1,0,1,1,0.75
X51005806719,MASK_company,0,0,0,1,0.25
X51005806720,SOURCE_UNAUGMENTED,1,0,1,1,0.75
X51005806720,MASK_company,0,0,0,1,0.25
X51006008081,SOURCE_UNAUGMENTED,1,1,1,0,0.75
X51006008081,MASK_company,0,1,0,0,0.25
X51006008081,MASK_date,1,0,1,0,0.5
X51006008081,MASK_total,1,1,1,0,0.75
X51006008082,SOURCE_UNAUGMENTED,0,1,0,0,0.25
X51006008082,MASK_company,0,1,0,0,0.25
X51006008082,MASK_date,0,0,0,0,0.0
X51006008083,SOURCE_UNAUGMENTED,1,1,1,1,1.0
X51006008083,MASK_company,0,1,0,1,0.5
X51006008083,MASK_date,0,0,0,1,0.25
X51006008090,SOURCE_UNAUGMENTED,1,1,0,0,0.5
X51006008090,MASK_company,0,1,0,0,0.25
X51006008090,MASK_total,1,1,0,0,0.5
X51006008092,SOURCE_UNAUGMENTED,1,0,1,1,0.75
X51006008092,MASK_company,0,0,1,1,0.5
X51006008093,SOURCE_UNAUGMENTED,1,0,1,0,0.5
X51006008093,MASK_company,0,0,1,0,0.25
X51006008105,SOURCE_UNAUGMENTED,1,1,1,1,1.0
X51006008166,SOURCE_UNAUGMENTED,0,1,0,0,0.25
X51006008206,SOURCE_UNAUGMENTED,0,1,0,0,0.25
X51006248253,SOURCE_UNAUGMENTED,0,1,0,1,0.5
X51006248253,MASK_company,0,1,1,1,0.75
X51006311714,SOURCE_UNAUGMENTED,1,0,0,1,0.5
X51006311714,MASK_company,0,0,0,1,0.25
X51006311714,MASK_date,1,0,0,1,0.5
X51006327953,SOURCE_UNAUGMENTED,1,0,1,1,0.75
X51006327953,MASK_company,0,0,0,1,0.25
X51006327953,MASK_total,1,0,1,0,0.5
X51006327960,SOURCE_UNAUGMENTED,1,1,0,1,0.75
X51006328345,SOURCE_UNAUGMENTED,1,1,1,1,1.0
X51006329183,SOURCE_UNAUGMENTED,0,1,0,1,0.5
X51006329183,MASK_company,0,1,0,1,0.5
X51006329183,MASK_date,0,1,0,1,0.5
X51006329183,MASK_total,0,1,0,0,0.25
X51006332641,SOURCE_UNAUGMENTED,1,1,1,1,1.0
X51006332641,MASK_company,0,1,0,1,0.5
X51006332641,MASK_total,1,1,1,1,1.0
X51006334139,SOURCE_UNAUGMENTED,1,1,0,1,0.75
X51006334139,MASK_company,0,1,0,1,0.5
X51006334139,MASK_total,1,1,0,0,0.5
X51006334742,SOURCE_UNAUGMENTED,0,1,0,0,0.25
X51006334742,MASK_company,0,1,0,0,0.25
X51006334742,MASK_date,0,0,0,0,0.0
X51006334742,MASK_total,0,1,0,0,0.25
X51006334766,SOURCE_UNAUGMENTED,1,1,0,0,0.5
X51006334766,MASK_company,0,1,0,0,0.25
X51006334766,MASK_total,1,1,0,0,0.5
X51006334770,SOURCE_UNAUGMENTED,1,1,0,1,0.75
X51006334770,MASK_company,0,1,0,1,0.5
X51006334819,SOURCE_UNAUGMENTED,1,1,1,1,1.0
X51006334819,MASK_company,0,1,0,1,0.5
X51006334927,SOURCE_UNAUGMENTED,1,1,0,0,0.5
X51006334927,MASK_company,0,1,0,0,0.25
X51006334927,MASK_address,1,1,0,0,0.5
X51006334927,MASK_total,1,1,0,0,0.5
X51006335818,SOURCE_UNAUGMENTED,0,0,0,0,0.0
X51006335818,MASK_company,0,0,0,0,0.0
X51006335818,MASK_total,0,0,0,0,0.0
X51006349081,SOURCE_UNAUGMENTED,1,1,1,1,1.0
X51006349081,MASK_company,0,1,0,1,0.5
X51006349083,SOURCE_UNAUGMENTED,0,1,0,0,0.25
X51006349083,MASK_company,0,1,0,0,0.25
X51006349085,SOURCE_UNAUGMENTED,0,1,0,0,0.25
X51006349085,MASK_company,0,1,0,0,0.25
X51006349085,MASK_date,0,1,0,0,0.25
X51006350737,SOURCE_UNAUGMENTED,1,1,1,0,0.75
X51006350737,MASK_company,0,1,0,1,0.5
X51006350737,MASK_total,1,1,1,0,0.75
X51006387660,SOURCE_UNAUGMENTED,0,1,0,1,0.5
X51006387660,MASK_company,0,1,0,1,0.5
X51006387737,SOURCE_UNAUGMENTED,1,1,1,1,1.0
X51006387737,MASK_company,0,1,0,1,0.5
X51006387931,SOURCE_UNAUGMENTED,1,1,1,1,1.0
X51006387931,MASK_address,1,1,0,1,0.75
X51006387950,SOURCE_UNAUGMENTED,1,1,1,1,1.0
X51006387950,MASK_address,1,1,0,1,0.75
X51006387973,SOURCE_UNAUGMENTED,0,0,0,1,0.25
X51006387973,MASK_company,0,0,0,1,0.25
X51006388068,SOURCE_UNAUGMENTED,0,1,0,0,0.25
X51006388068,MASK_company,0,0,0,0,0.0
X51006388081,SOURCE_UNAUGMENTED,1,1,1,1,1.0
X51006388089,SOURCE_UNAUGMENTED,1,1,1,0,0.75
X51006388089,MASK_company,0,1,0,0,0.25
X51006389894,SOURCE_UNAUGMENTED,1,1,1,1,1.0
X51006389898,SOURCE_UNAUGMENTED,0,1,1,1,0.75
X51006389898,MASK_company,0,1,1,1,0.75
X51006392167,SOURCE_UNAUGMENTED,0,1,0,1,0.5
X51006401845,SOURCE_UNAUGMENTED,0,1,0,1,0.5
X51006401845,MASK_company,0,1,0,1,0.5
X51006401940,SOURCE_UNAUGMENTED,1,1,0,1,0.75
X51006401940,MASK_company,0,1,0,1,0.5
X51006401940,MASK_address,1,1,0,1,0.75
X51006401977,SOURCE_UNAUGMENTED,1,1,1,1,1.0
X51006401977,MASK_company,0,1,1,1,0.75
X51006414425,SOURCE_UNAUGMENTED,1,0,1,0,0.5
X51006414425,MASK_company,0,0,0,0,0.0
X51006414425,MASK_total,1,0,1,0,0.5
X51006414427,SOURCE_UNAUGMENTED,1,0,1,0,0.5
X51006414427,MASK_company,0,0,0,0,0.0
X51006414427,MASK_total,1,0,1,0,0.5
X51006414433,SOURCE_UNAUGMENTED,1,0,1,0,0.5
X51006414433,MASK_company,0,0,0,0,0.0
X51006414433,MASK_total,1,0,1,0,0.5
X51006414512,SOURCE_UNAUGMENTED,0,0,0,0,0.0
X51006414512,MASK_company,0,0,0,0,0.0
X51006414532,SOURCE_UNAUGMENTED,0,0,0,0,0.0
X51006414532,MASK_company,0,0,0,0,0.0
X51006414592,SOURCE_UNAUGMENTED,1,0,1,0,0.5
X51006414592,MASK_company,0,0,0,0,0.0
X51006414592,MASK_total,1,0,1,0,0.5
X51006414593,SOURCE_UNAUGMENTED,1,0,1,0,0.5
X51006414593,MASK_company,0,0,0,0,0.0
X51006414593,MASK_total,1,0,1,0,0.5
X51006414600,SOURCE_UNAUGMENTED,0,0,0,0,0.0
X51006414632,SOURCE_UNAUGMENTED,1,0,1,0,0.5
X51006414632,MASK_company,0,0,0,0,0.0
X51006414632,MASK_total,1,0,1,0,0.5
X51006414702,SOURCE_UNAUGMENTED,0,0,0,0,0.0
X51006414702,MASK_company,0,0,0,0,0.0
X51006414702,MASK_address,0,0,0,0,0.0
X51006414702,MASK_total,0,0,0,0,0.0
X51006414708,SOURCE_UNAUGMENTED,0,0,0,0,0.0
X51006414708,MASK_company,0,0,0,0,0.0
X51006414715,SOURCE_UNAUGMENTED,0,0,0,1,0.25
X51006414715,MASK_company,0,0,0,1,0.25
X51006414717,SOURCE_UNAUGMENTED,1,1,0,0,0.5
X51006414717,MASK_total,1,1,0,0,0.5
X51006414728,SOURCE_UNAUGMENTED,0,0,0,1,0.25
X51006438346,SOURCE_UNAUGMENTED,0,0,0,0,0.0
X51006438346,MASK_company,0,0,0,0,0.0
X51006438346,MASK_date,0,0,0,0,0.0
X51006466070,SOURCE_UNAUGMENTED,1,1,0,0,0.5
X51006466070,MASK_company,0,1,0,0,0.25
X51006466070,MASK_date,1,0,0,0,0.25
X51006466070,MASK_total,1,1,0,0,0.5
X51006502534,SOURCE_UNAUGMENTED,0,1,0,0,0.25
X51006502534,MASK_date,0,0,0,0,0.0
X51006502534,MASK_total,0,1,0,0,0.25
X51006502535,SOURCE_UNAUGMENTED,0,1,0,1,0.5
X51006502535,MASK_date,0,0,0,1,0.25
X51006502540,SOURCE_UNAUGMENTED,0,1,0,1,0.5
X51006502540,MASK_company,0,1,0,1,0.5
X51006554841,SOURCE_UNAUGMENTED,1,1,0,1,0.75
X51006554841,MASK_date,0,0,0,1,0.25
X51006554841,MASK_address,1,1,0,1,0.75
X51006555819,SOURCE_UNAUGMENTED,1,1,1,1,1.0
X51006555819,MASK_total,1,1,1,0,0.75
X51006555833,SOURCE_UNAUGMENTED,1,1,1,0,0.75
X51006555833,MASK_total,1,1,1,0,0.75
X51006555835,SOURCE_UNAUGMENTED,1,1,1,1,1.0
X51006555835,MASK_total,1,1,1,0,0.75
X51006556603,SOURCE_UNAUGMENTED,1,1,0,1,0.75
X51006556610,SOURCE_UNAUGMENTED,1,1,0,1,0.75
X51006556610,MASK_company,0,1,0,1,0.5
X51006556610,MASK_date,1,0,0,1,0.5
X51006556648,SOURCE_UNAUGMENTED,1,1,1,1,1.0
X51006556648,MASK_total,1,1,1,0,0.75
X51006556654,SOURCE_UNAUGMENTED,1,1,1,1,1.0
X51006556654,MASK_total,1,1,1,0,0.75
X51006556657,SOURCE_UNAUGMENTED,1,1,1,1,1.0
X51006556657,MASK_total,1,1,1,0,0.75
X51006556658,SOURCE_UNAUGMENTED,1,1,1,1,1.0
X51006556658,MASK_total,1,1,1,0,0.75
X51006556723,SOURCE_UNAUGMENTED,1,1,1,1,1.0
X51006556728,SOURCE_UNAUGMENTED,0,1,1,1,0.75
X51006556728,MASK_total,0,1,1,0,0.5
X51006556734,SOURCE_UNAUGMENTED,1,1,1,1,1.0
X51006556734,MASK_total,1,1,1,0,0.75
X51006556740,SOURCE_UNAUGMENTED,1,1,1,1,1.0
X51006556740,MASK_total,1,1,1,0,0.75
X51006556806,SOURCE_UNAUGMENTED,1,1,1,1,1.0
X51006556806,MASK_total,1,1,1,0,0.75
X51006556808,SOURCE_UNAUGMENTED,1,1,1,1,1.0
X51006556808,MASK_total,1,1,1,0,0.75
X51006556809,SOURCE_UNAUGMENTED,1,1,1,1,1.0
X51006556809,MASK_total,1,1,1,0,0.75
X51006556810,SOURCE_UNAUGMENTED,0,1,1,1,0.75
X51006556810,MASK_total,0,1,1,0,0.5
X51006556812,SOURCE_UNAUGMENTED,1,1,1,1,1.0
X51006556812,MASK_total,1,1,1,0,0.75
X51006556821,SOURCE_UNAUGMENTED,1,1,1,1,1.0
X51006556821,MASK_total,1,1,1,0,0.75
X51006556826,SOURCE_UNAUGMENTED,1,1,1,1,1.0
X51006556826,MASK_total,1,1,1,0,0.75
X51006556827,SOURCE_UNAUGMENTED,1,1,1,1,1.0
X51006556827,MASK_total,1,1,1,0,0.75
X51006556829,SOURCE_UNAUGMENTED,1,1,1,1,1.0
X51006556829,MASK_total,1,1,1,0,0.75
X51006556851,SOURCE_UNAUGMENTED,1,1,1,1,1.0
X51006556851,MASK_total,1,1,1,0,0.75
X51006556865,SOURCE_UNAUGMENTED,1,1,1,1,1.0
X51006556865,MASK_total,1,1,1,0,0.75
X51006557115,SOURCE_UNAUGMENTED,1,1,1,1,1.0
X51006557115,MASK_total,1,1,1,0,0.75
X51006557169,SOURCE_UNAUGMENTED,1,1,1,1,1.0
X51006557169,MASK_total,1,1,1,0,0.75
X51006557173,SOURCE_UNAUGMENTED,1,1,1,1,1.0
X51006557173,MASK_total,1,1,1,0,0.75
X51006557187,SOURCE_UNAUGMENTED,1,1,1,1,1.0
X51006557187,MASK_total,1,1,1,0,0.75
X51006557194,SOURCE_UNAUGMENTED,1,1,1,1,1.0
X51006557194,MASK_total,1,1,1,0,0.75
X51006557196,SOURCE_UNAUGMENTED,1,1,1,1,1.0
X51006557196,MASK_total,1,1,1,0,0.75
X51006557208,SOURCE_UNAUGMENTED,1,1,1,1,1.0
X51006557208,MASK_total,1,1,1,0,0.75
X51006557209,SOURCE_UNAUGMENTED,1,1,1,1,1.0
X51006557507,SOURCE_UNAUGMENTED,1,1,1,1,1.0
X51006557507,MASK_total,1,1,1,0,0.75
X51006619328,SOURCE_UNAUGMENTED,1,0,0,1,0.5
X51006619338,SOURCE_UNAUGMENTED,1,1,0,1,0.75
X51006619338,MASK_date,0,0,0,1,0.25
X51006619345,SOURCE_UNAUGMENTED,0,1,0,1,0.5
X51006619345,MASK_address,0,1,0,1,0.5
X51006619346,SOURCE_UNAUGMENTED,1,1,0,1,0.75
X51006619346,MASK_company,0,1,0,1,0.5
X51006619503,SOURCE_UNAUGMENTED,0,1,0,1,0.5
X51006619503,MASK_company,0,1,1,1,0.75
X51006619506,SOURCE_UNAUGMENTED,0,0,0,0,0.0
X51006619506,MASK_company,0,0,0,0,0.0
X51006619507,SOURCE_UNAUGMENTED,1,0,0,1,0.5
X51006619507,MASK_company,0,1,0,1,0.5
X51006619509,SOURCE_UNAUGMENTED,1,1,1,0,0.75
X51006619509,MASK_company,0,1,1,0,0.5
X51006619509,MASK_total,1,1,1,0,0.75
X51006619564,SOURCE_UNAUGMENTED,0,0,0,1,0.25
X51006619564,MASK_date,1,0,1,1,0.75
X51006619567,SOURCE_UNAUGMENTED,0,1,0,0,0.25
X51006619567,MASK_company,0,1,0,0,0.25
X51006619569,SOURCE_UNAUGMENTED,1,1,1,1,1.0
X51006619569,MASK_company,0,1,1,1,0.75
X51006619569,MASK_total,1,1,1,0,0.75
X51006619570,SOURCE_UNAUGMENTED,1,1,1,1,1.0
X51006619570,MASK_company,0,1,1,1,0.75
X51006619570,MASK_total,1,1,1,0,0.75
X51006619700,SOURCE_UNAUGMENTED,1,1,1,1,1.0
X51006619700,MASK_company,0,1,1,1,0.75
X51006619700,MASK_total,1,1,1,0,0.75
X51006619703,SOURCE_UNAUGMENTED,1,1,1,0,0.75
X51006619703,MASK_company,0,1,0,0,0.25
X51006619703,MASK_total,1,1,1,0,0.75
X51006619704,SOURCE_UNAUGMENTED,0,0,0,1,0.25
X51006619704,MASK_company,0,0,0,1,0.25
X51006619704,MASK_total,0,0,0,0,0.0
X51006619757,SOURCE_UNAUGMENTED,1,1,0,1,0.75
X51006619757,MASK_date,1,0,0,1,0.5
X51006619760,SOURCE_UNAUGMENTED,0,1,0,1,0.5
X51006619760,MASK_company,0,1,0,1,0.5
X51006619764,SOURCE_UNAUGMENTED,1,1,1,1,1.0
X51006619764,MASK_company,0,1,1,1,0.75
X51006619764,MASK_total,1,1,1,0,0.75
X51006619766,SOURCE_UNAUGMENTED,1,1,0,0,0.5
X51006619766,MASK_company,0,1,0,0,0.25
X51006619766,MASK_total,1,1,0,0,0.5
X51006619779,SOURCE_UNAUGMENTED,1,1,1,0,0.75
X51006619779,MASK_company,0,1,0,0,0.25
X51006619779,MASK_total,1,1,1,0,0.75
X51006619782,SOURCE_UNAUGMENTED,1,1,0,1,0.75
X51006619782,MASK_date,1,0,0,1,0.5
X51006619782,MASK_total,1,1,0,0,0.5
X51006619784,SOURCE_UNAUGMENTED,1,0,0,1,0.5
X51006619790,SOURCE_UNAUGMENTED,1,1,0,1,0.75
X51006619790,MASK_total,1,1,0,0,0.5
X51006619842,SOURCE_UNAUGMENTED,1,1,1,1,1.0
X51006619842,MASK_total,1,1,1,0,0.75
X51006619863,SOURCE_UNAUGMENTED,1,1,1,0,0.75
X51006619863,MASK_date,1,0,1,1,0.75
X51006619863,MASK_total,1,1,1,0,0.75
X51006619869,SOURCE_UNAUGMENTED,0,1,0,1,0.5
X51006620175,SOURCE_UNAUGMENTED,1,1,1,1,1.0
X51006620175,MASK_company,0,1,0,1,0.5
X51006620175,MASK_total,1,1,1,0,0.75
X51006620182,SOURCE_UNAUGMENTED,0,0,0,1,0.25
X51006620182,MASK_company,0,0,0,1,0.25
X51006620182,MASK_total,0,0,0,0,0.0
X51006620192,SOURCE_UNAUGMENTED,0,1,0,1,0.5
X51006620192,MASK_total,0,1,0,0,0.25
X51006620437,SOURCE_UNAUGMENTED,1,1,1,1,1.0
X51006620437,MASK_date,1,0,1,1,0.75
X51006620437,MASK_total,1,1,1,0,0.75
X51006647933,SOURCE_UNAUGMENTED,1,1,1,0,0.75
X51006647933,MASK_company,0,1,0,0,0.25
X51006647984,SOURCE_UNAUGMENTED,0,1,0,1,0.5
X51006647984,MASK_company,0,1,0,1,0.5
X51006714066,SOURCE_UNAUGMENTED,1,1,0,1,0.75
X51006714066,MASK_company,0,1,0,1,0.5
X51006733495,SOURCE_UNAUGMENTED,1,1,1,1,1.0
X51006733495,MASK_date,1,0,1,1,0.75
X51006828199,SOURCE_UNAUGMENTED,1,1,0,0,0.5
X51006828199,MASK_company,0,1,0,0,0.25
X51006828200,SOURCE_UNAUGMENTED,0,0,0,0,0.0
X51006828200,MASK_company,0,0,0,0,0.0
X51006828201,SOURCE_UNAUGMENTED,0,1,0,0,0.25
X51006828201,MASK_company,0,1,0,1,0.5
X51006856982,SOURCE_UNAUGMENTED,1,0,0,0,0.25
X51006856982,MASK_company,0,0,0,0,0.0
X51006856982,MASK_date,1,0,0,0,0.25
X51006857126,SOURCE_UNAUGMENTED,1,1,0,1,0.75
X51006857126,MASK_company,0,1,0,1,0.5
X51006857126,MASK_total,1,1,0,0,0.5
X51006857132,SOURCE_UNAUGMENTED,1,1,1,1,1.0
X51006857137,SOURCE_UNAUGMENTED,1,1,1,0,0.75
X51006857137,MASK_date,1,0,1,0,0.5
X51006857137,MASK_total,1,1,1,0,0.75
X51006857540,SOURCE_UNAUGMENTED,0,1,0,1,0.5
X51006857540,MASK_date,0,0,0,1,0.25
X51006912959,SOURCE_UNAUGMENTED,0,0,0,0,0.0
X51006912959,MASK_company,0,0,0,0,0.0
X51006912976,SOURCE_UNAUGMENTED,1,0,0,1,0.5
X51006912976,MASK_date,1,0,0,1,0.5
X51006912998,SOURCE_UNAUGMENTED,0,0,0,1,0.25
X51006912998,MASK_company,0,0,0,1,0.25
X51006912998,MASK_total,0,0,0,0,0.0
X51006913018,SOURCE_UNAUGMENTED,0,0,0,0,0.0
X51006913032,SOURCE_UNAUGMENTED,1,0,1,0,0.5
X51006913032,MASK_company,0,0,0,0,0.0
X51006913032,MASK_total,1,0,1,0,0.5
X51006913060,SOURCE_UNAUGMENTED,1,1,1,1,1.0
X51006913060,MASK_company,0,0,0,1,0.25
X51006913060,MASK_total,1,1,1,1,1.0
X51006913061,SOURCE_UNAUGMENTED,1,0,1,0,0.5
X51006913061,MASK_company,0,0,0,0,0.0
X51006913061,MASK_total,1,0,1,0,0.5
X51006913067,SOURCE_UNAUGMENTED,0,0,0,0,0.0
X51006913067,MASK_company,0,0,0,0,0.0
X51006913067,MASK_total,0,0,0,0,0.0
X51007103597,SOURCE_UNAUGMENTED,1,0,1,1,0.75
X51007103597,MASK_company,0,0,0,1,0.25
X51007103610,SOURCE_UNAUGMENTED,1,1,1,0,0.75
X51007103610,MASK_company,0,1,0,0,0.25
X51007103649,SOURCE_UNAUGMENTED,1,1,1,0,0.75
X51007103649,MASK_company,0,1,0,0,0.25
X51007103649,MASK_total,1,1,1,0,0.75
X51007103668,SOURCE_UNAUGMENTED,1,1,1,0,0.75
X51007103668,MASK_company,0,1,0,0,0.25
X51007103687,SOURCE_UNAUGMENTED,1,1,1,0,0.75
X51007103687,MASK_company,0,1,0,0,0.25
X51007103687,MASK_date,1,0,1,0,0.5
X51007225406,SOURCE_UNAUGMENTED,0,1,0,1,0.5
X51007225406,MASK_company,0,1,0,1,0.5
X51007225406,MASK_total,0,1,0,0,0.25
X51007231274,SOURCE_UNAUGMENTED,0,0,0,0,0.0
X51007231274,MASK_company,0,0,0,0,0.0
X51007231274,MASK_total,0,0,0,0,0.0
X51007231275,SOURCE_UNAUGMENTED,1,1,1,0,0.75
X51007231275,MASK_company,0,0,0,0,0.0
X51007231276,SOURCE_UNAUGMENTED,1,0,1,1,0.75
X51007231276,MASK_company,0,0,0,1,0.25
X51007231276,MASK_total,1,0,1,1,0.75
X51007231331,SOURCE_UNAUGMENTED,1,0,1,0,0.5
X51007231331,MASK_company,0,0,0,0,0.0
X51007231331,MASK_total,1,0,1,0,0.5
X51007231341,SOURCE_UNAUGMENTED,1,0,1,1,0.75
X51007231341,MASK_company,0,0,0,1,0.25
X51007231341,MASK_total,1,0,1,1,0.75
X51007231343,SOURCE_UNAUGMENTED,1,1,1,0,0.75
X51007231343,MASK_company,0,0,0,0,0.0
X51007231346,SOURCE_UNAUGMENTED,0,0,0,0,0.0
X51007231346,MASK_company,0,0,0,0,0.0
X51007231364,SOURCE_UNAUGMENTED,0,0,0,1,0.25
X51007231364,MASK_company,0,0,0,1,0.25
X51007231372,SOURCE_UNAUGMENTED,0,0,0,1,0.25
X51007231372,MASK_company,0,0,0,1,0.25
X51007231372,MASK_total,0,0,0,0,0.0
X51007339105,SOURCE_UNAUGMENTED,1,1,1,1,1.0
X51007339105,MASK_company,0,1,0,1,0.5
X51007339109,SOURCE_UNAUGMENTED,1,1,1,1,1.0
X51007339109,MASK_company,0,1,0,1,0.5
X51007339116,SOURCE_UNAUGMENTED,1,1,1,1,1.0
X51007339116,MASK_company,0,1,0,1,0.5
X51007339119,SOURCE_UNAUGMENTED,1,1,1,1,1.0
X51007339119,MASK_company,0,1,0,1,0.5
X51007339121,SOURCE_UNAUGMENTED,1,1,1,1,1.0
X51007339121,MASK_company,0,1,0,1,0.5
X51007339122,SOURCE_UNAUGMENTED,1,1,1,1,1.0
X51007339122,MASK_company,0,1,0,1,0.5
X51007339125,SOURCE_UNAUGMENTED,1,1,1,1,1.0
X51007339125,MASK_company,0,1,0,1,0.5
X51007339127,SOURCE_UNAUGMENTED,1,1,1,1,1.0
X51007339127,MASK_company,0,1,0,1,0.5
X51007339134,SOURCE_UNAUGMENTED,1,1,1,1,1.0
X51007339134,MASK_company,0,1,0,1,0.5
X51007339159,SOURCE_UNAUGMENTED,1,1,1,1,1.0
X51007339159,MASK_company,0,1,0,1,0.5
X51007339159,MASK_date,1,0,1,1,0.75
X51007339160,SOURCE_UNAUGMENTED,1,1,1,1,1.0
X51007339160,MASK_company,0,1,0,1,0.5
X51007339160,MASK_date,0,0,1,1,0.5
X51007339161,SOURCE_UNAUGMENTED,1,1,1,1,1.0
X51007339161,MASK_company,0,1,0,1,0.5
X51007339161,MASK_date,1,0,1,1,0.75
X51007339163,SOURCE_UNAUGMENTED,1,1,1,0,0.75
X51007339163,MASK_company,0,1,0,0,0.25
X51007339163,MASK_total,1,1,1,0,0.75
X51007339638,SOURCE_UNAUGMENTED,0,0,0,1,0.25
X51007339638,MASK_company,0,0,0,1,0.25
X51007391390,SOURCE_UNAUGMENTED,1,1,0,0,0.5
X51007391390,MASK_company,0,1,1,0,0.5
X51007433809,SOURCE_UNAUGMENTED,0,0,0,1,0.25
X51007579714,SOURCE_UNAUGMENTED,0,1,0,1,0.5
X51007579714,MASK_company,0,1,0,1,0.5
X51007579714,MASK_date,0,0,0,1,0.25
X51007579719,SOURCE_UNAUGMENTED,0,0,0,1,0.25
X51007579719,MASK_company,0,0,0,1,0.25
X51007579719,MASK_date,0,0,0,1,0.25
X51007579725,SOURCE_UNAUGMENTED,0,1,0,1,0.5
X51007579725,MASK_company,0,1,0,1,0.5
X51007579725,MASK_total,0,1,0,0,0.25
X51007846266,SOURCE_UNAUGMENTED,0,0,0,0,0.0
X51007846266,MASK_company,0,0,0,0,0.0
X51007846266,MASK_total,0,0,0,0,0.0
X51007846268,SOURCE_UNAUGMENTED,0,0,0,0,0.0
X51007846268,MASK_company,0,0,0,0,0.0
X51007846268,MASK_total,0,0,0,0,0.0
X51007846282,SOURCE_UNAUGMENTED,0,0,0,0,0.0
X51007846282,MASK_company,0,0,0,0,0.0
X51007846283,SOURCE_UNAUGMENTED,1,0,0,0,0.25
X51007846283,MASK_company,0,0,0,0,0.0
X51007846288,SOURCE_UNAUGMENTED,0,0,0,0,0.0
X51007846288,MASK_company,0,0,0,0,0.0
X51007846288,MASK_total,0,0,0,0,0.0
X51007846289,SOURCE_UNAUGMENTED,0,1,0,0,0.25
X51007846289,MASK_total,0,1,0,0,0.25
X51007846290,SOURCE_UNAUGMENTED,1,0,1,0,0.5
X51007846290,MASK_company,0,0,0,0,0.0
X51007846290,MASK_total,1,0,1,0,0.5
X51007846303,SOURCE_UNAUGMENTED,0,0,0,0,0.0
X51007846303,MASK_company,0,0,0,0,0.0
X51007846303,MASK_total,0,0,0,0,0.0
X51007846304,SOURCE_UNAUGMENTED,1,0,1,0,0.5
X51007846304,MASK_company,0,1,0,0,0.25
X51007846304,MASK_total,1,0,1,0,0.5
X51007846310,SOURCE_UNAUGMENTED,0,0,0,1,0.25
X51007846310,MASK_date,0,0,0,1,0.25
X51007846310,MASK_total,0,0,0,0,0.0
X51007846321,SOURCE_UNAUGMENTED,0,0,0,0,0.0
X51007846321,MASK_company,0,0,0,0,0.0
X51007846321,MASK_date,0,0,0,0,0.0
X51007846321,MASK_total,0,0,0,0,0.0
X51007846355,SOURCE_UNAUGMENTED,1,0,0,0,0.25
X51007846355,MASK_date,1,0,0,0,0.25
X51007846355,MASK_total,1,0,0,0,0.25
X51007846358,SOURCE_UNAUGMENTED,0,0,0,0,0.0
X51007846358,MASK_company,0,0,0,0,0.0
X51007846360,SOURCE_UNAUGMENTED,0,0,0,1,0.25
X51007846360,MASK_company,0,0,0,1,0.25
X51007846361,SOURCE_UNAUGMENTED,1,0,0,1,0.5
X51007846361,MASK_company,0,0,0,1,0.25
X51007846371,SOURCE_UNAUGMENTED,1,0,1,0,0.5
X51007846371,MASK_company,0,0,0,0,0.0
X51007846371,MASK_total,1,0,1,0,0.5
X51007846372,SOURCE_UNAUGMENTED,1,1,1,0,0.75
X51007846372,MASK_company,0,0,0,0,0.0
X51007846372,MASK_total,1,1,1,0,0.75
X51007846379,SOURCE_UNAUGMENTED,1,0,0,0,0.25
X51007846387,SOURCE_UNAUGMENTED,0,0,0,1,0.25
X51007846387,MASK_company,0,0,0,1,0.25
X51007846392,SOURCE_UNAUGMENTED,1,0,1,0,0.5
X51007846392,MASK_company,0,0,0,0,0.0
X51007846392,MASK_total,1,0,1,0,0.5
X51007846396,SOURCE_UNAUGMENTED,0,0,0,0,0.0
X51007846396,MASK_company,0,0,0,0,0.0
X51007846397,SOURCE_UNAUGMENTED,0,0,0,0,0.0
X51007846397,MASK_total,0,0,1,1,0.5
X51007846400,SOURCE_UNAUGMENTED,0,1,0,1,0.5
X51007846403,SOURCE_UNAUGMENTED,0,0,0,1,0.25
X51007846403,MASK_company,0,0,0,1,0.25
X51008030561,SOURCE_UNAUGMENTED,1,1,1,1,1.0
X51008030561,MASK_company,0,1,0,1,0.5
X51008030563,SOURCE_UNAUGMENTED,1,1,1,1,1.0
X51008030563,MASK_company,0,1,1,1,0.75
X51008042779,SOURCE_UNAUGMENTED,1,1,0,1,0.75
X51008042779,MASK_company,0,1,0,1,0.5
X51008042780,SOURCE_UNAUGMENTED,1,1,0,1,0.75
X51008042780,MASK_company,0,1,0,1,0.5
X51008042781,SOURCE_UNAUGMENTED,1,1,1,1,1.0
X51008042781,MASK_company,0,1,1,1,0.75
X51008042786,SOURCE_UNAUGMENTED,1,0,0,1,0.5
X51008042786,MASK_company,0,1,0,1,0.5
X51008042787,SOURCE_UNAUGMENTED,0,0,0,1,0.25
X51008042787,MASK_company,0,0,0,1,0.25
X51008099047,SOURCE_UNAUGMENTED,1,1,1,1,1.0
X51008099047,MASK_company,0,1,1,1,0.75
X51008099086,SOURCE_UNAUGMENTED,1,1,1,1,1.0
X51008099086,MASK_company,0,1,1,1,0.75
X51008099088,SOURCE_UNAUGMENTED,1,1,1,1,1.0
X51008099088,MASK_company,0,1,1,1,0.75
X51008099090,SOURCE_UNAUGMENTED,1,1,1,1,1.0
X51008099090,MASK_company,0,1,1,1,0.75
X51008099100,SOURCE_UNAUGMENTED,1,1,0,1,0.75
X51008099100,MASK_company,0,1,0,1,0.5
