masked_field,outcome,documents,baseline,masked,difference,ci95_low,ci95_high
company,target_field,252,0.6746031746031746,0.0,-0.6746031746031746,-0.7301587301587301,-0.6150793650793651
company,other_fields,252,0.5727513227513227,0.4642857142857143,-0.10846560846560847,-0.1322751322751323,-0.08465608465608467
company,overall,252,0.5982142857142857,0.3482142857142857,-0.25,-0.2767857142857143,-0.22321428571428573
date,target_field,63,0.6984126984126984,0.06349206349206349,-0.6349206349206349,-0.746031746031746,-0.5079365079365079
date,other_fields,63,0.5291005291005293,0.5132275132275131,-0.015873015873015872,-0.0582010582010582,0.021164021164021173
date,overall,63,0.5714285714285714,0.4007936507936508,-0.17063492063492064,-0.21825396825396826,-0.12301587301587301
address,target_field,16,0.1875,0.0,-0.1875,-0.375,0.0
address,other_fields,16,0.6666666666666666,0.6666666666666666,0.0,0.0,0.0
address,overall,16,0.546875,0.5,-0.046875,-0.09375,0.0
total,target_field,126,0.5238095238095238,0.05555555555555555,-0.46825396825396826,-0.5555555555555556,-0.38095238095238093
total,other_fields,126,0.6746031746031746,0.6719576719576719,-0.0026455026455026454,-0.015873015873015872,0.007936507936507936
total,overall,126,0.6369047619047619,0.5178571428571429,-0.11904761904761904,-0.14285714285714285,-0.09523809523809523
