document_id,sha256,matches_source
X00016469670,cd436450d86f3a8c799447a997f6dd64012001990cd1d3fb8a5fc33c73199cf9,True
X00016469671,e76accfd9a2fbc9fb43b145b4559c9d3b158c287be3a99198c201c07ab3bf67d,True
X51005200931,13cc0a6facb3787a88a6e1b9b7ec2dfc50a333a94edf40586ae65913fb43266a,True
X51005230605,491b20de502e34b39f990d557c898cf50030fcc03564942ffaf0d5b3118ff4c4,True
X51005230616,a486d14550049e7040d732c93a9a6e2d02eaecf526be32eb86e8e6e8f129700a,True
X51005230621,0b51ab6b04366dce7a635de4e3e433c465f3d3d8a0479ea153f7f7ea73025e72,True
X51005230648,9c0b633fe9b7a0628bbbb6aadd24ad28c1c476bc991bce814fa123cd4ac3f459,True
X51005230657,4a72bec5218646e958c7f1dbaa1a4e3fa636791ded61c5df2f0466775503b4dc,True
X51005230659,0e7c3212d66483906bae93b7e0e75524bea5c5838d3e4f51d6c5095820ff857e,True
X51005268275,8dcbd4a1cd262db07f58da70bd95785cc60af0a307ab8083d1d05130026e64e7,True
X51005268408,4a4d71a9ab5cf34ef2d6207120183d080dca17d405c0cd5912a1e1409bfe0200,True
X51005288570,07d936dc5d4b62d89260878d7d985178969fec47140c80a6c8f6e2beda078884,True
X51005337867,00035dc9a994aabdc2a230724f4979723464118d7608bcfab1ff199313f9a0b4,True
X51005337877,b2ce3290a6900b3fa22f92c8985cf36a8c6ce1e46ce0deb28066f8acc59aefe7,True
X51005361906,db092fe759d3a012cbbcdf77966996a7e2aa6e449018cdc4ce966f1625c56ae8,True
X51005361908,e242f9bdbade4c5b83bece6682fba9e94677b8a1debdda594c523f3d056e1c00,True
X51005361912,f29140bc6da7117eea6b13ccd7e8c27a53cd231e69349857e84ca34474b754a8,True
X51005361923,f313a78d478bf1d807b9d24f1259dc414e9548489a3b88bd19e1309e6cf291bd,True
X51005365187,03c0912d7cfe5884c748cb349015e5e2e678017d6916af7f5a058e0e128ce0fb,True
X51005433518,05b872824a2c9adcf3869e53783264310ec6ac818ae20e03a0df6f96c7a669c7,True
X51005433543,1f3dcf1bcb6db35eb5e7a9fbcf788fab93075a5350368a0dec139262e00f70a6,True
X51005433548,e35d176ad73abb68f7dc6e40ced562995efd0377bcf7d5662cc637afbf59614d,True
X51005433556,fffa0e0974d1582656a5c0bc613394a8d1515df0574ae96226eecf1a77b273d7,True
X51005442322,f257657fd4c6e56c84af3a17a9557ba95fd8ccceacb3810a52e14190217db807,True
X51005442334,971d184297c410d948db7740b16385b0fae6c40d1c7fa6c21464c059f4edb816,True
X51005442343,63e5433a3ad5f33336638085751917267c712d125dbdea7e3d83e21fac57ba44,True
X51005442366,c3f73cb5991d6940597ab937fbff5b0389fea2521617ed590501ce62c8357f25,True
X51005442375,1fea5be6d5b720dd5629abc7da68aaf9deea0acd7ed3b267b4101f675f182ce3,True
X51005442382,155e55c3381a3e9606be762bf9464a9ef8e82f917d4f9403ae69f553787e36a5,True
X51005442388,067ee53050c2547774e072ef8d305f5e1024f21b63989472082d66eb835a7ddb,True
X51005444040,1dd3e5f2edb772892155ad39a71ea1d80afe7e4c72c4c6304159aa14e85a4aa5,True
X51005444041,6a31d8ca3169ebe9e9540bf0109f7b837823f65fa7c5b10101ae5deada613d24,True
X51005444044,8bf03cfcc1a420cd7c9925c9291277657de8d37575fe30dbe8b6e278474cff52,True
X51005444046,f91d99e5e63179329c1e7c14b8ce29784149d45ee95b78d2517e6b6d8457c30a,True
X51005447841,57b1aaca4f6a4fb0029817d5252610fd8705da264a28c508af22982547103909,True
X51005447842,96e00f358939a23f96c80a8e232b8a8ac021b2e24b1da0207f2052b09c9e91d3,True
X51005447844,f4cb84823836bc81e4cf91761e6e3df59ed11e844130ae98a85b3bea1029bedb,True
X51005447851,9ea6442e34956311f087e93a5903a3768ecd2b07abdb8860f21d1c038ae29c3d,True
X51005447859,25c2093049df1faa66464fc5ad33b06e278b723e9ce8207bb7a7b1a79b97a381,True
X51005568855,bb069938211ebccc1063ec72a922e1ae4e0b0dbfbe62a1313ebfc5414dd894a3,True
X51005568866,8b5a5c0a85cf3724c6c3b7718ea871477a15c73537a8311cccb0ba31da9dcdf9,True
X51005568885,a0bb0183144a4e8429db698c9738d27e61976eeba8ed543c0beb9493ac93ae24,True
X51005568887,011c63fd4aa3f8c9f4d4db946cc8c80723416589d3d67ee362db4814a51fcdf3,True
X51005568889,6e7f7f0945ff86b949d50fdfa11be86b88802f157ec3e5b4acb049891e6b63e4,True
X51005568890,5386708c54b8b7588f92a574a81e4e32136009c0c22b2d6248a75acec28b40a7,True
X51005568892,d48f5e6f70ef9a1079968c804f26c20c87cc3b82aacc7e10d3eef6141e7ccdaa,True
X51005568894,53d28ab4b689b541406129f5d9ec2036ca301d97e44e75fbe63f74c20a48192d,True
X51005568895,87d34cfb22302352524979fb674bbb105c9bab81ec079ae05bad8595e2cfde46,True
X51005577191,07ccd1741db25d4ee69367c5b5534fbc128c87877fc2326e595e02b207db8cb9,True
X51005582745,c5770ca22f027e52b52a8055f7561cfb74b008146bdad16533b66cb703f07c09,True
X51005587261,8bdc3d70169c6ede3b5148d79c725a4a8d8c620d398443b4b99d22d533c73e13,True
X51005605287,39e178a39ecc276a20b18b5950272b9476ecfb7abd673514be86a0802357002e,True
X51005605295,431255046b855c186c56a85534ecd2f81834b3629a7428254f49baed38d5aa47,True
X51005605332,ce1bd2788e29b3fc59723cddf1006c51c007a6d2a9a6536218261ac1d72f5780,True
X51005621482,5d3fa781a87cfb4ff7cf8bb6d1074376a1f3ffa4ecb35e27ce13dcfdfc6be5a0,True
X51005663274,e607105e1fdf796cb3c8664349644bfab8541ac78e062d920e6f07678004c76d,True
X51005663300,043067362047a84db84be85cc8f1ea5a4bd2b4ef3b644b8268f70da32f721bca,True
X51005663307,ff598e860bc563082e65ddc77660dd8dee04a1c138d68b98cb49364775af9262,True
X51005663309,c70c4003c7dddba6ca949ae9ba73ac7a0aea65a7a42a5beb239056c591b76aa5,True
X51005663310,6a501cc9dfeea15599740a94799d56026e95c07f3d385caba06ddaaf6f343fb9,True
X51005663323,580360f7f041b7a33d7d78d2f08eb70fc4b514e69201d4f4f6ee439adbe37d77,True
X51005675099,bca60c67e225be030e3db1fc872bcafe9dff3ad349534d83655caaff0cc0cd38,True
X51005675103,4450b12fa7668bb2e4adad721ca74171cdc23e3f3a6751f8f8f8baa7c2f0adcc,True
X51005675104,d3b2dd77be69e4363c99808848381288d95dd38ad527cb263cbb7d4efdce7bfd,True
X51005675914,9b8831cd23e2d6ea2dcfa11c7a053ad9f1b23bffa8b6386aa2e7d1e3fb8d76e3,True
X51005676534,232fcc8ca56b8cb64d622bc2868ab1ef60ce17818d1046236354880f2a85e2e5,True
X51005676535,0d5de31c3173add275e2a8451c8eeb2484f37f93ac95fe191df9218f7c2e179e,True
X51005676537,aaaff3c3c5c91e21afa0f5292403da1c2f6ac103c19328ec2bf7071b36c13c4f,True
X51005676542,b236266bfee9e21559ea96281990abb742b670604f9d21975a184532647a655b,True
X51005676548,1fd39c2861850ae15a979d9a634e2a739dc503249f06870862dd379d54a44d4c,True
X51005677327,350ecf4c0b90867464c4460330661288864549d6d1f35d75a7d97c8937a9a31d,True
X51005677333,fbfc3a92f3db0f3dd45806dcc8c8155ea5666e4addae07719944700e38510b1a,True
X51005677336,7441998ad6074a7730d9bbb82125647f098eda7a73575fe29710502edd98bddb,True
X51005677337,2c0fbf55e83269249b43035876cf6876c03853ed215e357954077af1119503c1,True
X510056849111,462401ac15e48c17410856e422e0d8882b423eef6b5528b5197613fa0562ad99,True
X51005705727,7e9bb45f7e43c0a6518b3fb4bb9fe20e62c91f86f920aa25f4ec604b8e722f21,True
X51005705729,fe084d41584955daf95f70faf1262796bae2e859795366df6bf16ffde74cc40e,True
X51005705759,e7508d6b5752c53f396791a8d60301ece18c413287f98e56541d7a32c871da5f,True
X51005705784,9799aec1656d73e45f776b9a653071cdb34efd1884dea1330f8b5b0c30f1f156,True
X51005710963,5cd05445f28d4e481bc9dec97dff922f423aa6d70076d3625c7b192605ad389d,True
X51005711402,867a780ab79f5148551fbe9f2c942a9308b709bbd236e474ab38ca2765aaa033,True
X51005711443,e837f46a0a507aa761112d0bdc7c0cfab4d4d9dba0eb1fd4e27c3cef5adda64c,True
X51005711444,fd779a94f02b20649519f50ca57b518fa1a60fa4c6e29afe20263b8627d526d0,True
X51005711446,0e9b7fb6893b15a8b5baa85810ecf7413f07a66e72b76c750dc2571c6a93675f,True
X51005711449,af1537ce753a9eeb253c31d5aef59b8c15232f683039fb92b3a85c033c0d0877,True
X51005715006,25926f7ebea8f44ff1864f3e13d2ccfa4c1b1e697a6e37898e0dbbd19ed0bbc8,True
X51005715007,de75e1a03c2023f308721ed7c5ae8aba14d0e3aadb7e70405b649eb5559cefd9,True
X51005715455,af16e8aba96e299507d148de2155fdc0b9df43a57b2c99564e81711b94c047eb,True
X51005719823,ebad258c9bdc9ac45004e56c36155d65da27ff0fab98cf016f2987239355bd5e,True
X51005719855,24a2c51ab0a089e77441299c0fb24910b2835a71c717353c2b65748767994bb9,True
X51005719857,99509adef832a81d570f232274d434e02029ec97abb573b9a8e43ddab2af7f67,True
X51005719863,a752e3036ab6d810457cf751e67cdad75163b449bd735261adb32592add55332,True
X51005719888,f3e8f015646f6c26a9124f1ff3658ae4a2ecde36ac32c8ad079017151b27e426,True
X51005719889,cdf648b0632b15946c5ee496477a82486ff5c4479c5aeb33fb043dafa624aad2,True
X51005719895,39cb8786d8e73ed5cff93b6ef3c2919ac6c4ff6eca99aa46fc1666a92b4a96a5,True
X51005719898,7879249e46ebb0c887ff8da35aed8321dce529314c9945d9997cff314cb8b690,True
X51005719903,e634a514e65740dab24c291d33fd4de9ffeb3d29fc4a18b1139dbc0f6d138b6c,True
X51005719905,32db0655890acc9ef5e850b2d144dd9c427378fd8c412fc33012e4a466064e57,True
X51005724552,833ab2d06066c165d0bcc4032ad40a7856649f7a73b6db9424346d5a0ea53d50,True
X51005724609,a35825fd050da6142f7a3e7ba3838521b8438155172e689aa54eab9e863d94bc,True
X51005724611,49afac05e149b3884f17cc1d2dcee895f8324aa4f1ec7c7a7b83a6ef884c25c9,True
X51005724622,82af774cde7be88b808072efd5511c0b5c9c5238048da073da55ac4eacc70a4e,True
X51005724623,0e143862318573362728c1d08c12e64f7765e594381d19ae035653e23a106725,True
X51005724624,3de29911973b553045254900dd19e6f8970c645194f1b7000da4469717b7ac15,True
X51005724625,393fa2e7b9404963ce85dacfa28448d5761d1b4ee653bb0a903cffcce2616ba0,True
X51005724626,839ebb1333631ccd368684cc0f18b5095f411064b4995eb249d399e9c1ae8efe,True
X51005724628,a4479c5260155c1febf48a6b31aa64cbd5f1dabb054010173390cd0335a751b7,True
X51005741929,c2d6b442f0446e9585d65faecea233620b1f75555a047fa8210aedfb6dc7d462,True
X51005742110,d987bfb30f1c52b4302357c289c9eac788f12598fc189a9734c9a78253bfd529,True
X51005745213,a5381b94c014797fb7e95548db489e3a7dd24695bee85a52df66f0f77c83c1e9,True
X51005745244,51e04e2e6f8b576d54a6355c1ba4d3b5e9c375d5adb0edd489456912eac9f46d,True
X51005745298,d403a89c469743fda4d4f1b4ff419554c3fa38723b0e4dd6910a3ce1957cdb10,True
X51005746203,05e21290fa05858441d30a0125ebd724b107327bfc383efef68b07e5acef8152,True
X51005746204,95d405a887ea6f7fc3e897c79b1c91cbec2de519ccb431293701d598fbee1dba,True
X51005746206,4eca1d0ec86cdf5d77b4e67c90f9331c217f18b2b2f474e5102bb3541a5a724b,True
X51005746207,68e0e01fcdcf8594e6ec354b2f8d728f98236b75921709394dda45ca30a4ad88,True
X51005746210,ca504ddea0dcc429f5adc5abf826e22165865f3f89a81d7ca9dec8c1e72ea9d9,True
X51005749904,895d8e34c87fc2bc06cabd767cfa0748099e1d1c5983cfeaac2edd122b4f4162,True
X51005757220,ae18b7f5dd7a433782c48fd447631494346ad2e590f296ae71c375e335448277,True
X51005757233,9fd2e09d5ad570fad535b6b433ea137894c8972c0449ea2e0364190288957614,True
X51005757282,adfe228761461daf2c4e5b2d4a9134b23c63c82c00c21bdfcc7d37af58988c9c,True
X51005757292,8c4f3ea4e523d5cc9cb773c990f791f5b4c6fe7d2af7f5e15aad65088b88bd24,True
X51005757308,12cebd415fe1f7d0ab0a4d1a8d572edab66e1f38c2cd050605540f97aa20ecf2,True
X51005757342,39ce0a662e7f0e49a8c4e3d0a50acf18a03af07420b59c7466b627cf49ceea39,True
X51005763958,4d81f780d20dc35a767bfa954441a5f85bfb1cb4b85d2f057f625ff7999f42a5,True
X51005763964,98c1e56134c7858159f06be1928436e8c129f4bbb1c258ba35ce4305b430d630,True
X51005763999,42e542608f888645e9f604380876d46084a0708694ece7362bded72a622e493e,True
X51005764031,500dc6218d2eb7368ed38c5cf1ae821c1fa06f3402db620d951e7e1142552262,True
X51005764154,f527c1352c322f842efdabb1f1f825108621dc50cf5b7c0ac1c0798fab909586,True
X51005764161,51cdff8c6438afdd4ec016cc89fb9394782962c61cfef5160f0f11a0139f913e,True
X51005806692,1ba085bf1f4d9a3b0306f4b0fcfeafa6ce1c5869fa70e30befdbd37b414c1501,True
X51005806695,a0f758b7f181436e0fc4c1f319ea03ad5dbc018fbfb0e1c8c908acde2288e696,True
X51005806696,a0e3f6df9729f7e9d9644a6d60f7bd6e4112255638098a017ad68c480c974900,True
X51005806718,8fe075fb2baa0a8703d1d80150f5f3044e0b900c201cf2bbc1df7e1a1168dfa1,True
X51005806719,4fe1516dc8cedba38f39d9bfae1ee1bc697ad6a4f52a0c5a4d3911bc4e726c33,True
X51005806720,96d3b370ede423cd1a3dc47e9eeafa191ed8e4285e3edf62791bbf3a0a95bcb8,True
X51006008081,a2e903dc4f4722825fc8f1f315136594788141a45b506a3ea04a9a07cf6f0666,True
X51006008082,10a86430110adcdad9b46c09caa7c1ac4b4f8d6f51331c632f35d3349819f6ee,True
X51006008083,68b024c11986a92ee676dac252dbeb264f85e0dacbf9dbe71f51cb293e08da91,True
X51006008090,5fde0749352710088ffded3311a668b980464280fe94bd81c96c2de5efed6d0f,True
X51006008092,eecd148d7e348707831c6f64e42c85b78b3d981293804a624252f363789f4d94,True
X51006008093,7491081e43ad8e7bb5828f0d0518ce5a934b3ba538dbd84ef24575e09fd01354,True
X51006008105,87931afbb72df3ac0f29d5e9c8ee076ad6bb1db36974a693b54bbcc64b188402,True
X51006008166,914c7d33b80229811a071c4e8677edb1f7381481e22efd9dee180d92cce03801,True
X51006008206,35fa68cb11663f35a5ac64961c6382ada3ee22b917ec6103e3e74c83e2e5f190,True
X51006248253,21cba8e372a662503cc2415acc1e5435fda78482036499213504cc4f1326be8f,True
X51006311714,b7b9d238f7e0dfb77035c4fec735aff744bb641c25c3acb7dc873c31e25d18a1,True
X51006327953,e42b41826822da6e11547e625f1a071ca2e57d717b1e043bbe62fed54d88bc91,True
X51006327960,8a9ac5d826b459285ccbd94182c2446502e1ad3968058553c39a56d1163e7c32,True
X51006328345,83ab9f0d2691b7ce413843a6efed9ca1f0a38ad700a7deb743e98e6e0bf53529,True
X51006329183,e9ed46ab8c1fb3e5e9c771e72c055da28ea924cce3a0f9bc728fae0f998c4b47,True
X51006332641,77abeef8bc453372c9143baed311f0250985113a2aaa4e15d9f61a2a61a3911a,True
X51006334139,2cba4d888256c40d5dd209104b8e073eca81e3cbacae1d13e1ecd8fc28b99689,True
X51006334742,c8bb7178f0f88147b09e69344d9e42d66355e6c5a675b20c92d2dd8878d72044,True
X51006334766,6f6c34d333f5988044dfe7f29fa95bfe00c11f0665038a388634819de7204935,True
X51006334770,32750a3f4ce0c376cc84aad642eef58ee3feecc1e5f1597a89a0bfef831b4bb7,True
X51006334819,235ed29dbf74b0ed84ed3540ac2657b4b8ca29c2b6d0451e19cf96ab24220acb,True
X51006334927,4fc8eb0e07de68f5fb22b7d62b16c65f8a810422313a9ef40e72861a5fcef4b3,True
X51006335818,6e1f3fb31348ab1cfa4737c7e2961459d72daa149febc5fefbeb0560769f5a8f,True
X51006349081,09ee6295d0415cc97d6c9b4a29d525473c75f24764c1d499a12a26c493c22703,True
X51006349083,560ca51378539fa388e2f9a0b4f666a38f0096f8b47e29496320fcac3987d988,True
X51006349085,3de240ea9cc2f95e124982c9d72228bb3a2518fe9384b10c1d692768da7d7e0e,True
X51006350737,2c30c027a490255a83748432ff690940e06857cc627a959dd33aeabb625f505a,True
X51006387660,a5c99c07d0d8154efda6f73084ec76e4e28568b75ff92a3547e6a6faaac56edd,True
X51006387737,d99b4aff31a7527d6f866c36e642a728de00447484419be1da2edb75601ba619,True
X51006387931,65e052b9488ed34b00f4f3fb99b5b442ee23657f308ff1751678115179f07b5c,True
X51006387950,0e6dc3cb26644bb1a771437ff121cdd7db0d742a16e41f6f479ca6eefc171e55,True
X51006387973,7a6f0e463fa88856bf82759779d6213b122b20aca39be05d9754a715389b33b7,True
X51006388068,eaed28541adc6d2c6bbee6fb0d5ee68aebf67387d1bd6e14970617c40808bd19,True
X51006388081,4117acf236a2a57d57b6c2d3a411451d06e9424dc872a80306ce7e14b763a227,True
X51006388089,97d48da70bd03b977fa1298a63e039c9ebf41c0ccc126d37b33da34e641b8068,True
X51006389894,466084a52246abd027b0e8a90e60ff7c7fb7dd94bedd5b087bac334e98c4f931,True
X51006389898,1f33a99b96b720a082f94e832e173483de941fa59cef77891d3bd8da983a5983,True
X51006392167,fd39bb47a25072a7e842ce38e43bdb71a884b875d72b7f295b3b1e03a316add7,True
X51006401845,9dffe0e5d4a52c8a9c154dcbd9aaee24a31b52e2843b9e47ef60bfc4b3b82f2e,True
X51006401940,def81a7d96b94cb49096d222f180ac637ff70fdf3b5948d7b2b71ed7d130a175,True
X51006401977,6adce8bd788c21712510f508e27dcd5ecd7ce05588cd614292f0addb30e99733,True
X51006414425,c21c364fa886e211ad82eb91cd4f8a8bb35078e46aa282251b1ce7b3b6eae044,True
X51006414427,350c0ea7446176341257059eda6847c795ae3e535f71735e3cb76a37fc5360ae,True
X51006414433,e44e6e1615b01864878c9429a546e73561cb33b2ba1aba0a7559d424260f21f6,True
X51006414512,a5cd03c7c3e89b794cfbcb7646fdfb5d5e532605ab067f7188fc9cfb4fdde82e,True
X51006414532,677ded113808034c895f134b05b537cffc366f91e63fdd0fca5459053b0da3e5,True
X51006414592,280e6bf730bd7b864498c99c68b1fd9b828d3fb3aee5283a0324324bead11d8d,True
X51006414593,4a81d25a7664065aacc2bfe554ddb1b9dceb598246cd7f9941dbc5b4dd2e6413,True
X51006414600,31ee5586e30e1d5b5b4894b50bd505bb2b62d3530f85f366f4d159fae9c6c6d2,True
X51006414632,78631f437de95945b015ae04f635dc9bc3c8bad6df85e2570fe8d422d8a67920,True
X51006414702,579d81c09baa68135008368863718589ca65a20a8e9e42ac4db900a50756aac8,True
X51006414708,554519f87ae042dbed7f1aeda6db256573f0de5bc94b34fc9b7a634bb7f89d2d,True
X51006414715,a432872723e5d42cd979e4c14b9799bf4150afe71a607d4603691c42325bfe9b,True
X51006414717,95b155b1647ff8dcdf986f91ef862ea402266040d70378955d981a2d52b37d42,True
X51006414728,6bac1e8e8ab2eab7b2f0887a99066453b71e96bec9be020e1c8a9019f5108a38,True
X51006438346,739ca51072db6ccc9addbf895e5fc19d4e9a12fa472be60e6580369b1aa23a79,True
X51006466070,80fd5d5f2ee698fdd2679a6823cda76883f8a6b9d179948c71a83df5211759dd,True
X51006502534,5fb609ee92ef1e6afc5f0d74edaed9ba89a2ae52a545182ebee69e07dee91d9e,True
X51006502535,6b34f163dc547f25a62d1bec7512295c4e4c18fffc7af754b0c1d30651ff2b7f,True
X51006502540,2034e38d35ccb2e8738f4981cdb5905192c6db29b5d4be2ee0c600b5f183381d,True
X51006554841,fd1e6a24578e8247276e09a2ad7c3c64141cf1920df498f12329795e6434ee2d,True
X51006555819,8243a7b6f54b2cbdf45fe0c78ac530eaaa8b72067ab5fca1bb4f902fb1253e05,True
X51006555833,94de029bdc8fafd1390f83f2524e2d6a4dc1306954bcf6d65744bcbc08fa53ab,True
X51006555835,bce3b8374e847708fd5e095a8050e114f34d66cfd89e945d37015bed5e932f06,True
X51006556603,1ed58c3ee49754c43d7e0695c2aa9233022e74957c8aed3eb6b276385ea29262,True
X51006556610,d499c3780110e4553be67f766c26b059297172e65530ea0a103c24a2d9c7a852,True
X51006556648,8c75852080f0c9bce90385c540f6f8df2fc09bf0bdfccc72b6efd17684cf88a9,True
X51006556654,97a8ce6b1b5523e94fb34ee0b96e76fcf6b1e34ce440fbde3a3e883a03c34966,True
X51006556657,758539c085a1f04ff7e10aa17c5c9505429c734ac910e6c01b1bc9db6651ad4e,True
X51006556658,0b90eb6cfae07d5fab383e1809dc06879b9fd95e36b4ce3eeb3d8816931fd616,True
X51006556723,a927c554e4f65f9a3f171bfe1bee2f55a9616799e53badcc922e30d92b595d8d,True
X51006556728,289116ff3e804cb1f7a4169b257dec55ab1c4778f7bd1e69c72037fa6832d889,True
X51006556734,958cfa458cdeae5360d2475dd821039f6deda289ae539e8dd64204b508938df9,True
X51006556740,acd10061d53df0ab4e5dacd665ddb1eda566e65c00f1676bc0390da20445e65c,True
X51006556806,a44159ee0426881f5d68de6658fcb15004803a733ebfba532735575bc077d6d2,True
X51006556808,4feb18e50690d4f9060f6e4ff88ac2c54e4eb79a5f1a4849715ac9b4d748bb51,True
X51006556809,cd0e832cbb281edb3d5fd6098e3d1d5cd56da07713b026163ce097c1f295073f,True
X51006556810,81ac433f78936f06ea10aaed556d1446740047c17e229aee96f16d8d9e40d4e4,True
X51006556812,dd673cb3e9e234437454a9893b77154bff47b3fe5fc011db92f9178efece7dfd,True
X51006556821,a43025e191767da882502ef7272b1b93b77fd79c1f02f5f6dd8f495bd93ab27b,True
X51006556826,0d8f89333dfe7ed85867756125d18c7745fda48d6f8b677ea2b758ceb2f1edae,True
X51006556827,71f6c8aaf684d17b560ec3807bf3aa63a2b26e1e91af2732338bb8b6ba87b49f,True
X51006556829,6a149e2d1980d873378f25bc8e090a1bc39366d40cdbb35e5624883c978d053c,True
X51006556851,c2c30e8e18ee57e7605d153e534aafe0c424c38701eff6c81b626e1e4252d348,True
X51006556865,92cdda929c71ae81eae34f165bbe96599f8120fe381580d88352d9254e1eae92,True
X51006557115,87bd9df9e8a901e7a792e797a9b6c5cf1cbd7c627ede6357d4491f5c0eb82b60,True
X51006557169,e366688f34e47d0327a58a1c0ed545a16c88ae8c7176565b16daf8efd1f02f03,True
X51006557173,1a750226928153a7b973def8ff1619b3de91c85a4675d81103410cfa8fe15ffb,True
X51006557187,0dcb032aa608b66c1fc5fd532e6a80d60a682ba9228aaeedf020e580c3146fee,True
X51006557194,0a023cbfe27c672f1be3ce3c8889182690e50b8cffc35f0d42a630756d138614,True
X51006557196,5c6b9f5f16c22e7acdc31709451dc7de5e8fe3541a1452cdb7d5eb82baef8c39,True
X51006557208,40b48bae799e49fa85f83207e8bcb62fc4cbab26587723535cdcf0ce00e73e8d,True
X51006557209,093d40a818a74ae06daddbf7ee5eaa6f2d6e6e7aee51c088b5a4fbad8fb18b34,True
X51006557507,3fc3be48985c1539ff636ba99e992e54752838bd0e7f24811f687b0266548f23,True
X51006619328,43e079c5871d94d0485e571afe429db2952c23648315668bad695872042c2740,True
X51006619338,d21d3454c9844cfa7152d45274b0ef32ad67aefb12d66db17e58808218e00e9e,True
X51006619345,56eacd2900a226542deea11dc7595f144c9bec3251f485aa9f6bd01bec5c2b07,True
X51006619346,5d98bceba080d127b33b5604464e1d225904cb458dcde6b8d7324f9f05924e7d,True
X51006619503,f14438bc88836554302224d625b932c419f6e50e2aad5b95cbf819ee05b9e3e5,True
X51006619506,08e01bf601f7f190e014aad6fb5d31839969617518d7d205dadd202e91e83566,True
X51006619507,34ebc3e5e1ec96b0aaa142f13faca533720cc4c5df16780d2531984636656bde,True
X51006619509,602affe795654a6826107ae5138e093f7838f57bbcb4996fde5dcbcbc30f716e,True
X51006619564,32fed79e298432a80d21a14e859e9649db74c4b30385fe9ee6a6e50c1ce41aab,True
X51006619567,7b62dc7dacd1cdb9b8973fc9b39fa2d20843db161211b3bf2afc7db47329f060,True
X51006619569,2e2bbc90d655043fdec626bb14468d6b3805631382fcc760b759860d748221c2,True
X51006619570,7d9be31fbfe1eba5a2f57331d16c7e759cf4df977767da8977a45586ad0253a1,True
X51006619700,d161f9f7ddfc458bbd5172ae3e146e38601d79fd36033a2382fb9f29ef16a933,True
X51006619703,e1aead51f244740c3c7233dd3b3b1120497fee68a8d766c76856ff5f88fee4c3,True
X51006619704,c821678b3c9090c3e459c93f21f1eec77d87988b96f83a6de996a6ee4c354b5e,True
X51006619757,e8dcf0ad6c1badec6be10fa551e8a2ded7ed80aceb8ff8c6067158c422143b9b,True
X51006619760,bf5cb2b3e2d1807e727b4095126b7d9f0f9d666d47b422cdd74bc9940bb46362,True
X51006619764,ec310802fff56d31b8bad5128e6fb150da4b5f77ef01993bca468cd7588a8760,True
X51006619766,482f0ca6b36d28c8304b9ccc43a6dac38b6cbe4fd79a9ea496dcd8d2b084760c,True
X51006619779,2e3ad65dab1c8e5939ee364b2b458c9afb250408afcaa627fd6770825290d909,True
X51006619782,a5016c02bccc7c3ad244ec20a8d126564600b2bc091ce4b934adde37811f6a5e,True
X51006619784,5af8487e403bf7f16304eec6a924efe7efacd644c712fec95d42508b0c4b75db,True
X51006619790,9f90c04f4765cbb01337684234406be5d5a4d0a081bb5fbb77ae726f08c77342,True
X51006619842,73a4fdaeabb1b43c7a3e2f7cafa0baec2ae173f61abc803a6d5f3c1c1ee8d54b,True
X51006619863,91be94df1d82ee46f79923313ecef866d9cb14a989c0fd3cc36ae87342f6c551,True
X51006619869,23ddcc68ded693c3095a04fee0c8fd2e160708da0827cc03379e21a8c17b34a2,True
X51006620175,a3dfaab078daa92e707fce3589acb3b9d57267069ddde1f3317a1a911d691f1f,True
X51006620182,7e572a6f6a781b507de6891de2061660cd492eee1ce1f8ea09c115b0eb8921f3,True
X51006620192,2bcfef78d27d5ceb4d1a9e4230b4c02b37f0b966020b88ef45916597bcd0781a,True
X51006620437,f0b722d64e1f43aae1c8281de99ae4749c08b19ab8996dc96e6f31a83843527c,True
X51006647933,298e19010d23ef4e6e0a7712ffc29306ad85557b5291f960c2c8daa198cd77d1,True
X51006647984,d37c83e0ab46ae831fb229b2506d0c785087dcd1999aef8c502dc750da80acf3,True
X51006714066,5482f68ccce11b1f338142305946753aff31d8108ccfd607dd16ef646c60a0b1,True
X51006733495,c09cbdd454dbc5747eed4b827445fea769c585841c9c02413fd2e0628cffadb3,True
X51006828199,000d683e5a3e699531bc11e3cd81c73fbe5668bd43eabf94cf37afed7a5ae13b,True
X51006828200,b38925a659d539e009cc7b4e3a84a59a6e415e830fc72d15e11e11c2d77b4448,True
X51006828201,66b5e2cddf22172138a84da1b831915b72885bd67d20dcfc990c56c5ee046140,True
X51006856982,dc01a46e0097c229ea6184b65883ebd1cd471b35f8821870cf58779ec15489be,True
X51006857126,020cb8b03423f2c99397c23a5d9f06576a516221bc756044d94c51e8445eb625,True
X51006857132,36e54a1164c4e0e9006ec8cb46dde4478fdc689d73b8a57796a4af83571af662,True
X51006857137,8dca1ff50826d5d21ae11792e9927f560ddeea215a114bf4c0aff6f4b8942273,True
X51006857540,b7711210ac990a4bb6b2a4a1853421b5bb526b7a6eaae16bd87fdce1ee7819a8,True
X51006912959,3eb5d8c79157d786261c844053f2bec37aabd46c21545c34c819ff34bd1b5111,True
X51006912976,0863c081010c41e7409eb5d207a38c2a515f08ecc6f11097d30920c499bf1607,True
X51006912998,65f3655259171b026a903d4ad727f6478df10e470f9b1393c4f8ef7c4f12f60a,True
X51006913018,c467f50d1c24d64d57b27912aa69d3f0514211980190d5aa3473bb8160b6ea13,True
X51006913032,4670256e3778dcc349d033242280b08a3fc29418cdcc6e47957a209a847770e3,True
X51006913060,964277a70c8bbe9bdcc7a6d13b9b711ac25ef61dc521fddfbe2a533bd82c70f2,True
X51006913061,e0dff77d06e740e5ca0842c015869ecf76e34007d4332a145f7fa1c350f19d94,True
X51006913067,e18add9c30c310db6ce542740aaecf2da50d94819a7411bbd01063b7b8445216,True
X51007103597,c311177c686955a5e67d0a8ded0ca3228f0b852a1cf98accf4df746953b139f1,True
X51007103610,095d38a4732cd0401da3dd2031b8209affe6b43a3e8b356fd80d072328c7541c,True
X51007103649,3d24db8928da53fbfb719feff3a3ea1909f20eb5a3d9e1da09296e2e71a68aeb,True
X51007103668,7302a6136c0f7e2c87233257e224d226fe0f5bf13dcca1011e8b5be8ae0c2879,True
X51007103687,0446010a91465832f9d4c97b9e872db861e761dc352ae84ed039226ed359878c,True
X51007225406,ec17c7398ec8311131458ca74faf5053af3249860be6872a55144647e3b9501d,True
X51007231274,2222d985ccb3ab0ecf58eded3a6fa4b7edefa3541c404b4a1814ef9b2f76d3b1,True
X51007231275,758738b7edd90971a3f398f4d648ad28f00a0fb67ececf716d4d4bced2038e8d,True
X51007231276,0f95c7dbf4af188bbb84cd01ce513e1ba41af755667ffd3f5ff6e57fd9d541e9,True
X51007231331,c1739140f705d136a4d0f21d293d63dd34f4e7d3b6b99b80221f72fb500cbde7,True
X51007231341,41695268195d03b96ffb614f5b1dd826eaf21888eb21ead6b832858bba617379,True
X51007231343,7e9f1c4379f96138985ba226e35b5ee81fca3cafc2b8bca30f1ec7cb50a81c37,True
X51007231346,c0b4f6f006b8538a0472d8c9e2087f931a1d4baf0e174ed1c2cc92f3c2657fbd,True
X51007231364,3c7cb901717407c058bc7d39a7e7adb7e0c011ffab3cbfd65bd46bf7f4d5c114,True
X51007231372,47b1bf1691364d4ed0873c061af75244bbba9ec42e0babd3dcbaa4630535eea2,True
X51007339105,fa3b4b85edb5a27f851bddd52b74cf780598b933d176114df860112fd46ff712,True
X51007339109,6067d7e2e05f9c0f0939d5ae6b864709c90df09f400a1a16deabb4ba2de8e9b5,True
X51007339116,03fbd8deb5a2bf4c2273f83a98c7834e61c1742e13f614a9621e357196ed69a8,True
X51007339119,59581170d83b15d0b67dc3ba5ff728b691c23d12133b9734f1989ef1544cd3c7,True
X51007339121,f6ce6b8030e41da35c29ae0b1682e75531fe2e410a31ef9e90d9836ecd425503,True
X51007339122,7d964953f95e1576b512868437e97366f8553363dba00bb949e8adb26c2b135c,True
X51007339125,9ed630a00f36430d40f8c97df9804e559189d0a73f820984b64fda22d30760aa,True
X51007339127,e2255c189b57802fc495ed316819b75c422ac749b3ac17bdbb5b11cd5958fb0c,True
X51007339134,c5344c4e1dc7e8b37f49ec28377e7da510ddd585dd232d14181f7ad654ad5ae8,True
X51007339159,96ed2064ec215140f6fa93d1a98733056db9537f0eb69e5be8e4ef872377f1c4,True
X51007339160,8c576a162dbfabf74de088a60a716e6eda1fc8caabb6cf44abbfba5e6ee03d6a,True
X51007339161,8c7735cc35ba470b0565614c038eae1ddd46dd666c4b8eb085401490789f6a46,True
X51007339163,b780dfd1153445c6d2408f5070d0bdbac4af8d562ee56066e38b1c18eca655fa,True
X51007339638,e5a51e6c1954c770319543c6b1b809d74a5d583bfdce30f502c072733a3d48f7,True
X51007391390,0f6c6c237f859fbc6a7f53db93103a58adbf1c793b06a4132f1cc1d058d5845e,True
X51007433809,54ba803577436d6b3f0df913a8388edf505e6106e84cecd65f540120c374ccfa,True
X51007579714,90a6abc10bd6655162106d50d9f94478354a1ccee2bc83e68c2d23b545d68a69,True
X51007579719,b185b0df89603358e6795024c9c8a32bbfbe8cdee76f50414609f1762c79edb7,True
X51007579725,2f2ccf012b9013368c18642496a6d22df9fc67f32eeb8bf2fc3e6df5918d82ec,True
X51007846266,e4c34a91a6f3b3b251395359dec2c8b3d38541c5f64f9ab03b44a5302efe28f4,True
X51007846268,56ef5c76bb2f0e983f93d6c920de7ae80a948d3606b1effc7480bef31f99b360,True
X51007846282,c715a7aecbd705736f2ff423105391ed71c51362b2e59e26fe19f4b17bd4ba56,True
X51007846283,df6ba6fd2b74dd4b09b4dd477420e6872f654a0d3fb4b824b5c43688baab174d,True
X51007846288,021f2f78b9aef876047f6f35e9e3d6fc37327162209e76fdb9c7bc64012cd1ac,True
X51007846289,e4d3ba2ea91648f645a2c6ac96289fc4f43002980267d253e791d714b025ed17,True
X51007846290,f0cf3d4b4304f47876c4562a4a5a3b1cb101de12405a7dc27a40e0211461fb04,True
X51007846303,e5bb250415a805091c970fa9738a41e2797f85a3426fc627119912f0357eb3b4,True
X51007846304,e4cf4192024adf0bac10278272fddae2ca960aa285dc7a1eaeb620af2c098809,True
X51007846310,5ed6321a3c6d0962831f108fe50747ec749f6afaa2829fee3fb1f2bc368ec9d1,True
X51007846321,12f2dd5d2e73d955e887447ee4d4bec4bd45a1a229dca0cd4f6f1813e3760982,True
X51007846355,321370bd0dfe052a9e682045e4a752a929b85a20568d4a5e32c16ba6145a0b73,True
X51007846358,aa13de53ee36b5da00d4ca8a4269246af8de7ea865f7fdc56a189ba1ff6e2151,True
X51007846360,f55a7cea40257a7e323796106322f7740c55b0c3a3311deaf995d30e2fd8d21b,True
X51007846361,1d04d1bd98ff08efe8b17aec18814fa9fdcba06a4edd62ab9023be09920de939,True
X51007846371,8e1bed7e9d5b2473db981519790dd900f9a0174d6358995d5266dd639316a0c5,True
X51007846372,de2f3a9d5291aa0a6f97959446bad6ee54cc564921555822960e93de1375f9fa,True
X51007846379,f676a280a097a400db1ccc57bcdecfb178110cc0787a97ddbb3e224c01d40173,True
X51007846387,8588f8d24bd5a035e6708cc7ea7036180da9dcedb1bd61250b967a71461e9323,True
X51007846392,f6876ab70c0f858bc3a3c6d9d799ddfd691420ec28851a8cdebec5266db23af7,True
X51007846396,2e0f8041e0072e193410c2f86826ec54a2e73299149e309eb4e30e2fa63656f7,True
X51007846397,78e0c4b9c00861e553a86ff617579213db04ef9992b0624002f8ae3adbab5f6a,True
X51007846400,95231afaae9d7b9aa433152a2693a9283a853c6941ad66e05a6fa9d882eb596e,True
X51007846403,a4f85c488f3785a481a429882bcc54bb58d2771a0a7f9fd14600627b2534d7d2,True
X51008030561,d58cf18d01616997500deaf420426e8736e5f45ffba76bce9803a39ee1c0c1ba,True
X51008030563,f47dc61693832bb0694464415759b4a6565663648b0e00cd21a5466cee1368df,True
X51008042779,86fce4660f4662a1fdb52a0c22016394b528f5757d0dff7f152f7e0725ce2f32,True
X51008042780,e9ca8a79b6d22ae51b017bdc78a7c1d5bc52ef5f23dc68d386f2321650072d98,True
X51008042781,736b96149f7002e0944fb4c6329b86f6dacd0ae9ce097991a49af06849c74ed9,True
X51008042786,9b4594bb4dacf9421ca15e4c90b2a8edf0ee9dc3479826bfc8f209894313be47,True
X51008042787,8fe124ad15106494a975fc2429c636c435f5c4021d8e0921e87e12cc5378fb5e,True
X51008099047,b1fb4b7744b7ccc46ddeacedb48e8a41791c8cd947ba34ebc94529192c8fd0a9,True
X51008099086,07fd2a29f0a27d17f0fe4d531922ab39de34a4c2743b175964452b55689e2dc3,True
X51008099088,9b49752077b95eb017b7b3838e6014bca94c664a6d482958ad1fc31f9491dc47,True
X51008099090,ef48cec173af6fe3c2d74685df3c03384a075aa9adef1333dae796b666fbbb48,True
X51008099100,4c554ad208fcb7476fd3fface51a27709007063e717cb74336af63f08e4870ee,True
