sample_index,document_id,split,role,image_file,company,date,address,total,pii_entity_count,contains_p4,source_image_sha256
1,X51005268275,test,COMPLEX_CONTEXT,X51005268275.jpg,LIGHTROOM GALLERY SDN BHD,20/11/2017,"NO: 28, JALAN ASTANA 1C, BANDAR BUKIT RAJA, 41050 KLANG SELANGOR D.E, MALAYSIA",278.80,4,True,8dcbd4a1cd262db07f58da70bd95785cc60af0a307ab8083d1d05130026e64e7
2,X51005675099,test,COMPLEX_CONTEXT,X51005675099.jpg,SUPER TERMINAL SDN BHD,20/01/2018,"NO. 18 & 19, TAMAN CITY, JALAN KUCHING, 52100 KUALA LUMPUR",132.50,4,True,bca60c67e225be030e3db1fc872bcafe9dff3ad349534d83655caaff0cc0cd38
3,X51005719823,test,COMPLEX_CONTEXT,X51005719823.jpg,AA PHARMACY,29/01/2018,"NO.47, JALAN 3/36, BUKIT SRI BINTANG, KEPONG 52100, KUALA LUMPUR",46.20,4,True,ebad258c9bdc9ac45004e56c36155d65da27ff0fab98cf016f2987239355bd5e
4,X51005719863,test,COMPLEX_CONTEXT,X51005719863.jpg,SEN LEE HEONG RESTAURANT,12-01-2018,"G-0-1 ,M.AVENUE NO.1 ,JLN 1/38A, SEGAMBUT BAHAGIA,51200, K.LUMPUL",77.40,4,True,a752e3036ab6d810457cf751e67cdad75163b449bd735261adb32592add55332
5,X51005724625,test,COMPLEX_CONTEXT,X51005724625.jpg,KEDAI PAPAN YEW CHUAN,12/03/2018,"LOT 276 JALAN BANTING 43800 DENGKIL, SELANGOR.",283.55,4,True,393fa2e7b9404963ce85dacfa28448d5761d1b4ee653bb0a903cffcce2616ba0
6,X51006327953,test,COMPLEX_CONTEXT,X51006327953.jpg,MEI LET RESTAURANT,03/02/2017,"NO 2, JALAN BULAN BM U5/BM, SEKSYEN U5, 40150 SHAH ALAM, SELANGOR",68.90,4,True,e42b41826822da6e11547e625f1a071ca2e57d717b1e043bbe62fed54d88bc91
7,X51006913018,test,COMPLEX_CONTEXT,X51006913018.jpg,AEON CO. (M) BHD,11/05/2018,"3RD FLR, AEON TAMAN MALURI SC JLN JEJAKA, TAMAN MALURI CHERAS, 55100 KUALA LUMPUR",458.55,4,True,c467f50d1c24d64d57b27912aa69d3f0514211980190d5aa3473bb8160b6ea13
8,X51005442366,test,CONTACT_LOCATION,X51005442366.jpg,TRIPLE SIX POINT ENTERPRISE 666,22-03-2018,NO 14& 16 JALAN PERMAS 4/3 BANDAR BARU PERMAS JAY,22.60,3,False,c3f73cb5991d6940597ab937fbff5b0389fea2521617ed590501ce62c8357f25
9,X51005676537,test,CONTACT_LOCATION,X51005676537.jpg,SYARIKAT PERNIAGAAN GIN KEE,03/01/2018,"NO 290, JALAN AIR PANAS, SETAPAK, 53200, KUALA LUMPUR.",94.34,3,False,aaaff3c3c5c91e21afa0f5292403da1c2f6ac103c19328ec2bf7071b36c13c4f
10,X51005676542,test,CONTACT_LOCATION,X51005676542.jpg,SYARIKAT PERNIAGAAN GIN KEE,29/12/2017,"NO 290, JALAN AIR PANAS, SETAPAK, 53200, KUALA LUMPUR.",10.60,3,False,b236266bfee9e21559ea96281990abb742b670604f9d21975a184532647a655b
11,X51005724624,test,CONTACT_LOCATION,X51005724624.jpg,KEDAI PAPAN YEW CHUAN,16/03/2018,"LOT 276 JALAN BANTING 43800 DENGKIL, SELANGOR.",135.68,3,False,3de29911973b553045254900dd19e6f8970c645194f1b7000da4469717b7ac15
12,X51006311714,test,CONTACT_LOCATION,X51006311714.jpg,GUARDIAN HEALTH AND BEAUTY SDN BHD,01/01/18,"SOLARIS MOUNT KIARA NO.8 & 10, GF SOLARIS MOUNT KUARA JLN SOLARIS 5",22.45,3,False,b7b9d238f7e0dfb77035c4fec735aff744bb641c25c3acb7dc873c31e25d18a1
13,X51007339105,test,CONTACT_LOCATION,X51007339105.jpg,SANYU STATIONERY SHOP,05/04/2017,"NO. 31G&33G, JALAN SETIA INDAH X ,U13/X 40170 SETIA ALAM",3.30,3,False,fa3b4b85edb5a27f851bddd52b74cf780598b933d176114df860112fd46ff712
14,X51007339159,test,CONTACT_LOCATION,X51007339159.jpg,SANYU STATIONERY SHOP,16/12/2017,"NO. 31G&33G, JALAN SETIA INDAH X ,U13/X 40170 SETIA ALAM",8.70,3,False,96ed2064ec215140f6fa93d1a98733056db9537f0eb69e5be8e4ef872377f1c4
15,X51005568889,test,CUSTOMER_DIRECT,X51005568889.jpg,HON HWA HARDWARE TRADING,11/02/2017,"NO 37, JALAN MANIS 7, TAMAN SEGAR, 56100 CHERAS, KUALA LUMPUR.",19.60,2,True,6e7f7f0945ff86b949d50fdfa11be86b88802f157ec3e5b4acb049891e6b63e4
16,X51005746204,test,CUSTOMER_DIRECT,X51005746204.jpg,BEMED (SP) SDN BHD.,27/MAR/2018,"NO.49, JALAN DLNARG U3/G, SUBANG PERDANA, 40150 SHAH ALAM, SELANGOR D.E.",308.70,2,True,95d405a887ea6f7fc3e897c79b1c91cbec2de519ccb431293701d598fbee1dba
17,X51006556657,test,CUSTOMER_DIRECT,X51006556657.jpg,GARDENIA BAKERIES (KL) SDN BHD,16/08/2017,"LOT 3, JALAN PELABUR 23/1, 40300 SHAH ALAM, SELANGOR.",59.31,2,True,758539c085a1f04ff7e10aa17c5c9505429c734ac910e6c01b1bc9db6651ad4e
18,X51006557209,test,CUSTOMER_DIRECT,X51006557209.jpg,GARDENIA BAKERIES (KL) SDN BHD,06/10/2017,"LOT 3, JALAN PELABUR 23/1, 40300 SHAH ALAM, SELANGOR.",33.84,2,True,093d40a818a74ae06daddbf7ee5eaa6f2d6e6e7aee51c088b5a4fbad8fb18b34
19,X51006557507,test,CUSTOMER_DIRECT,X51006557507.jpg,GARDENIA BAKERIES (KL) SDN BHD,27/10/2017,"LOT 3, JALAN PELABUR 23/1, 40300 SHAH ALAM, SELANGOR.",35.88,2,True,3fc3be48985c1539ff636ba99e992e54752838bd0e7f24811f687b0266548f23
20,X51007103687,test,CUSTOMER_DIRECT,X51007103687.jpg,MR. D.I.Y. (M) SDN BHD,27-04-18,"LOT 1851-A & 1851-B, JALAN KPB 6, KAWASAN PERINDUSTRIAN BALAKONG, 43300 SERI KEMBANGAN, SELANGOR",1.90,2,True,0446010a91465832f9d4c97b9e872db861e761dc352ae84ed039226ed359878c
21,X51008030563,test,CUSTOMER_DIRECT,X51008030563.jpg,RESTORAN WAN SHENG,02-04-2018,"NO.2, JALAN TEMENGGUNG 19/9, SEKSYEN 9, BANDAR MAHKOTA CHERAS, 43200 CHERAS, SELANGOR",6.00,2,True,f47dc61693832bb0694464415759b4a6565663648b0e00cd21a5466cee1368df
22,X51006502534,test,NEGATIVE_CONTROL,X51006502534.jpg,MAXINCOME RESOURCES SDN BHD,10/04/2018,"NO 16A, JALAN ASTAKA U8/83, BUKIT JELUTONG, 40150 SHAH ALAM, SELANGOR, D.E.",5.80,0,False,5fb609ee92ef1e6afc5f0d74edaed9ba89a2ae52a545182ebee69e07dee91d9e
23,X51006556728,test,NEGATIVE_CONTROL,X51006556728.jpg,GARDENIA BAKERIES (KL) SDN BHD,07/08/2017,"LOT 3, JALAN PELABUR 23/1, 40300 SHAH ALAM, SELANGOR.",60.26,0,False,289116ff3e804cb1f7a4169b257dec55ab1c4778f7bd1e69c72037fa6832d889
24,X51006619509,test,NEGATIVE_CONTROL,X51006619509.jpg,GUDANG HASIL RESTAURANT SDN BHD,02-12-2016,"NO. 33, LRG HANG JEBAT, MELAKA",RM15.80,0,False,602affe795654a6826107ae5138e093f7838f57bbcb4996fde5dcbcbc30f716e
25,X51006619766,test,NEGATIVE_CONTROL,X51006619766.jpg,MR. D.I.Y. (M) SDN BHD,10-01-16,"LOT 1851-A & 1851-B, JALAN KPB 6, KAWASAN PERINDUSTRIAN BALAKONG, 43300 SERI KEMBANGAN, SELANGOR",RM 59.20,0,False,482f0ca6b36d28c8304b9ccc43a6dac38b6cbe4fd79a9ea496dcd8d2b084760c
26,X51006647933,test,NEGATIVE_CONTROL,X51006647933.jpg,RESTORAN HOETIM,28/05/2018,"1-G,JALAN OS 1/3,ONE SELAYANG OFF JALAN RAWANG 68100 B.CAVES",RM83.00,0,False,298e19010d23ef4e6e0a7712ffc29306ad85557b5291f960c2c8daa198cd77d1
27,X51007846360,test,NEGATIVE_CONTROL,X51007846360.jpg,IKANO HANDEL SDN BHD,09/06/18,"NO. 33, JALAN HARMONIUM TAMAN DESA TEBRAU 81100 JOHOR BAHRU",46.20,0,False,f55a7cea40257a7e323796106322f7740c55b0c3a3311deaf995d30e2fd8d21b
28,X51008042786,test,NEGATIVE_CONTROL,X51008042786.jpg,GERBANG ALAF RESTAURANTS SDN BHD,30/05/2018,"LEVEL 6, BANGUNAN TH, DAMANSARA UPTOWN3 NO.3 , JALAN SS21/39,47400 PETALING JAYA SELANGOR",19.00,0,False,9b4594bb4dacf9421ca15e4c90b2a8edf0ee9dc3479826bfc8f209894313be47
29,X51005337877,test,TRANSACTION_PAYMENT,X51005337877.jpg,UROKO JAPANESE CUISINE SDN BHD,20/03/2018,"22A-1, JALAN 17/54, SECTION 17, 46400 PETALING JAYA, SELANGOR.",53.00,2,True,b2ce3290a6900b3fa22f92c8985cf36a8c6ce1e46ce0deb28066f8acc59aefe7
30,X51005361906,test,TRANSACTION_PAYMENT,X51005361906.jpg,TED HENG STATIONERY & BOOKS,27/01/2018,"NO. 53, JALAN BESAR, 45600 BATANG BERJUNTAI SELANGOR DARUL EHSAN",27.35,2,True,db092fe759d3a012cbbcdf77966996a7e2aa6e449018cdc4ce966f1625c56ae8
31,X51005442382,test,TRANSACTION_PAYMENT,X51005442382.jpg,UNIHAKKA INTERNATIONAL SDN BHD,20 MAR 2018,"12, JALAN TAMPOI 7/4,KAWASAN PERINDUSTRIAN TAMPOI,81200 JOHOR BAHRU,JOHOR",$6.60,2,True,155e55c3381a3e9606be762bf9464a9ef8e82f917d4f9403ae69f553787e36a5
32,X51006349083,test,TRANSACTION_PAYMENT,X51006349083.jpg,CHA FOR TEA,19/04/2018,"1-1, CENTRAL PARK , JALAN PJU5/13, DATARAN SUNWAY, 47810 KOTA DAMANSARA, SELANGOR",RM46.25,2,True,560ca51378539fa388e2f9a0b4f666a38f0096f8b47e29496320fcac3987d988
33,X51006913061,test,TRANSACTION_PAYMENT,X51006913061.jpg,UNIHAKKA INTERNATIONAL SDN BHD,23 MAY 2018,"12, JALAN TAMPOI 7/4,KAWASAN PERINDUSTRIAN TAMPOI,81200 JOHOR BAHRU,JOHOR",$9.20,2,True,e0dff77d06e740e5ca0842c015869ecf76e34007d4332a145f7fa1c350f19d94
34,X51007231276,test,TRANSACTION_PAYMENT,X51007231276.jpg,UNIHAKKA INTERNATIONAL SDN BHD,02 MAY 2018,"12, JALAN TAMPOI 7/4,KAWASAN PERINDUSTRIAN TAMPOI,81200 JOHOR BAHRU,JOHOR",$8.20,2,True,0f95c7dbf4af188bbb84cd01ce513e1ba41af755667ffd3f5ff6e57fd9d541e9
35,X51007846268,test,TRANSACTION_PAYMENT,X51007846268.jpg,UNIHAKKA INTERNATIONAL SDN BHD,02 JUN 2018,"12, JALAN TAMPOI 7/4,KAWASAN PERINDUSTRIAN TAMPOI,81200 JOHOR BAHRU,JOHOR",RM10.35,2,True,56ef5c76bb2f0e983f93d6c920de7ae80a948d3606b1effc7480bef31f99b360
