pii_type,group,context,scenario,action,necessary,complete,linkage,rarity,exposure,conflict
NAME,G1,C1,approved_low_risk,MASK,True,True,False,False,False,False
NAME,G1,C1,not_necessary,MASK,False,True,False,False,False,False
NAME,G1,C1,adverse_linkage,MASK,True,True,True,False,False,False
NAME,G1,C1,adverse_rarity,MASK,True,True,False,True,False,False
NAME,G1,C1,adverse_exposure,MASK,True,True,False,False,True,False
NAME,G1,C1,incomplete_assessment,MASK,True,False,False,False,False,False
NAME,G1,C1,conflicting_assessment,MASK,True,True,False,False,False,True
NAME,G1,C2,approved_low_risk,MASK,True,True,False,False,False,False
NAME,G1,C2,not_necessary,MASK,False,True,False,False,False,False
NAME,G1,C2,adverse_linkage,MASK,True,True,True,False,False,False
NAME,G1,C2,adverse_rarity,MASK,True,True,False,True,False,False
NAME,G1,C2,adverse_exposure,MASK,True,True,False,False,True,False
NAME,G1,C2,incomplete_assessment,MASK,True,False,False,False,False,False
NAME,G1,C2,conflicting_assessment,MASK,True,True,False,False,False,True
NAME,G1,C3,approved_low_risk,MASK,True,True,False,False,False,False
NAME,G1,C3,not_necessary,MASK,False,True,False,False,False,False
NAME,G1,C3,adverse_linkage,MASK,True,True,True,False,False,False
NAME,G1,C3,adverse_rarity,MASK,True,True,False,True,False,False
NAME,G1,C3,adverse_exposure,MASK,True,True,False,False,True,False
NAME,G1,C3,incomplete_assessment,MASK,True,False,False,False,False,False
NAME,G1,C3,conflicting_assessment,MASK,True,True,False,False,False,True
PHONE,G1,C1,approved_low_risk,MASK,True,True,False,False,False,False
PHONE,G1,C1,not_necessary,MASK,False,True,False,False,False,False
PHONE,G1,C1,adverse_linkage,MASK,True,True,True,False,False,False
PHONE,G1,C1,adverse_rarity,MASK,True,True,False,True,False,False
PHONE,G1,C1,adverse_exposure,MASK,True,True,False,False,True,False
PHONE,G1,C1,incomplete_assessment,MASK,True,False,False,False,False,False
PHONE,G1,C1,conflicting_assessment,MASK,True,True,False,False,False,True
PHONE,G1,C2,approved_low_risk,MASK,True,True,False,False,False,False
PHONE,G1,C2,not_necessary,MASK,False,True,False,False,False,False
PHONE,G1,C2,adverse_linkage,MASK,True,True,True,False,False,False
PHONE,G1,C2,adverse_rarity,MASK,True,True,False,True,False,False
PHONE,G1,C2,adverse_exposure,MASK,True,True,False,False,True,False
PHONE,G1,C2,incomplete_assessment,MASK,True,False,False,False,False,False
PHONE,G1,C2,conflicting_assessment,MASK,True,True,False,False,False,True
PHONE,G1,C3,approved_low_risk,MASK,True,True,False,False,False,False
PHONE,G1,C3,not_necessary,MASK,False,True,False,False,False,False
PHONE,G1,C3,adverse_linkage,MASK,True,True,True,False,False,False
PHONE,G1,C3,adverse_rarity,MASK,True,True,False,True,False,False
PHONE,G1,C3,adverse_exposure,MASK,True,True,False,False,True,False
PHONE,G1,C3,incomplete_assessment,MASK,True,False,False,False,False,False
PHONE,G1,C3,conflicting_assessment,MASK,True,True,False,False,False,True
EMAIL,G1,C1,approved_low_risk,MASK,True,True,False,False,False,False
EMAIL,G1,C1,not_necessary,MASK,False,True,False,False,False,False
EMAIL,G1,C1,adverse_linkage,MASK,True,True,True,False,False,False
EMAIL,G1,C1,adverse_rarity,MASK,True,True,False,True,False,False
EMAIL,G1,C1,adverse_exposure,MASK,True,True,False,False,True,False
EMAIL,G1,C1,incomplete_assessment,MASK,True,False,False,False,False,False
EMAIL,G1,C1,conflicting_assessment,MASK,True,True,False,False,False,True
EMAIL,G1,C2,approved_low_risk,MASK,True,True,False,False,False,False
EMAIL,G1,C2,not_necessary,MASK,False,True,False,False,False,False
EMAIL,G1,C2,adverse_linkage,MASK,True,True,True,False,False,False
EMAIL,G1,C2,adverse_rarity,MASK,True,True,False,True,False,False
EMAIL,G1,C2,adverse_exposure,MASK,True,True,False,False,True,False
EMAIL,G1,C2,incomplete_assessment,MASK,True,False,False,False,False,False
EMAIL,G1,C2,conflicting_assessment,MASK,True,True,False,False,False,True
EMAIL,G1,C3,approved_low_risk,MASK,True,True,False,False,False,False
EMAIL,G1,C3,not_necessary,MASK,False,True,False,False,False,False
EMAIL,G1,C3,adverse_linkage,MASK,True,True,True,False,False,False
EMAIL,G1,C3,adverse_rarity,MASK,True,True,False,True,False,False
EMAIL,G1,C3,adverse_exposure,MASK,True,True,False,False,True,False
EMAIL,G1,C3,incomplete_assessment,MASK,True,False,False,False,False,False
EMAIL,G1,C3,conflicting_assessment,MASK,True,True,False,False,False,True
DETAILED_ADDRESS,G1,C1,approved_low_risk,MASK,True,True,False,False,False,False
DETAILED_ADDRESS,G1,C1,not_necessary,MASK,False,True,False,False,False,False
DETAILED_ADDRESS,G1,C1,adverse_linkage,MASK,True,True,True,False,False,False
DETAILED_ADDRESS,G1,C1,adverse_rarity,MASK,True,True,False,True,False,False
DETAILED_ADDRESS,G1,C1,adverse_exposure,MASK,True,True,False,False,True,False
DETAILED_ADDRESS,G1,C1,incomplete_assessment,MASK,True,False,False,False,False,False
DETAILED_ADDRESS,G1,C1,conflicting_assessment,MASK,True,True,False,False,False,True
DETAILED_ADDRESS,G1,C2,approved_low_risk,MASK,True,True,False,False,False,False
DETAILED_ADDRESS,G1,C2,not_necessary,MASK,False,True,False,False,False,False
DETAILED_ADDRESS,G1,C2,adverse_linkage,MASK,True,True,True,False,False,False
DETAILED_ADDRESS,G1,C2,adverse_rarity,MASK,True,True,False,True,False,False
DETAILED_ADDRESS,G1,C2,adverse_exposure,MASK,True,True,False,False,True,False
DETAILED_ADDRESS,G1,C2,incomplete_assessment,MASK,True,False,False,False,False,False
DETAILED_ADDRESS,G1,C2,conflicting_assessment,MASK,True,True,False,False,False,True
DETAILED_ADDRESS,G1,C3,approved_low_risk,MASK,True,True,False,False,False,False
DETAILED_ADDRESS,G1,C3,not_necessary,MASK,False,True,False,False,False,False
DETAILED_ADDRESS,G1,C3,adverse_linkage,MASK,True,True,True,False,False,False
DETAILED_ADDRESS,G1,C3,adverse_rarity,MASK,True,True,False,True,False,False
DETAILED_ADDRESS,G1,C3,adverse_exposure,MASK,True,True,False,False,True,False
DETAILED_ADDRESS,G1,C3,incomplete_assessment,MASK,True,False,False,False,False,False
DETAILED_ADDRESS,G1,C3,conflicting_assessment,MASK,True,True,False,False,False,True
NATIONAL_ID,G1,C1,approved_low_risk,MASK,True,True,False,False,False,False
NATIONAL_ID,G1,C1,not_necessary,MASK,False,True,False,False,False,False
NATIONAL_ID,G1,C1,adverse_linkage,MASK,True,True,True,False,False,False
NATIONAL_ID,G1,C1,adverse_rarity,MASK,True,True,False,True,False,False
NATIONAL_ID,G1,C1,adverse_exposure,MASK,True,True,False,False,True,False
NATIONAL_ID,G1,C1,incomplete_assessment,MASK,True,False,False,False,False,False
NATIONAL_ID,G1,C1,conflicting_assessment,MASK,True,True,False,False,False,True
NATIONAL_ID,G1,C2,approved_low_risk,MASK,True,True,False,False,False,False
NATIONAL_ID,G1,C2,not_necessary,MASK,False,True,False,False,False,False
NATIONAL_ID,G1,C2,adverse_linkage,MASK,True,True,True,False,False,False
NATIONAL_ID,G1,C2,adverse_rarity,MASK,True,True,False,True,False,False
NATIONAL_ID,G1,C2,adverse_exposure,MASK,True,True,False,False,True,False
NATIONAL_ID,G1,C2,incomplete_assessment,MASK,True,False,False,False,False,False
NATIONAL_ID,G1,C2,conflicting_assessment,MASK,True,True,False,False,False,True
NATIONAL_ID,G1,C3,approved_low_risk,MASK,True,True,False,False,False,False
NATIONAL_ID,G1,C3,not_necessary,MASK,False,True,False,False,False,False
NATIONAL_ID,G1,C3,adverse_linkage,MASK,True,True,True,False,False,False
NATIONAL_ID,G1,C3,adverse_rarity,MASK,True,True,False,True,False,False
NATIONAL_ID,G1,C3,adverse_exposure,MASK,True,True,False,False,True,False
NATIONAL_ID,G1,C3,incomplete_assessment,MASK,True,False,False,False,False,False
NATIONAL_ID,G1,C3,conflicting_assessment,MASK,True,True,False,False,False,True
PASSPORT_ID,G1,C1,approved_low_risk,MASK,True,True,False,False,False,False
PASSPORT_ID,G1,C1,not_necessary,MASK,False,True,False,False,False,False
PASSPORT_ID,G1,C1,adverse_linkage,MASK,True,True,True,False,False,False
PASSPORT_ID,G1,C1,adverse_rarity,MASK,True,True,False,True,False,False
PASSPORT_ID,G1,C1,adverse_exposure,MASK,True,True,False,False,True,False
PASSPORT_ID,G1,C1,incomplete_assessment,MASK,True,False,False,False,False,False
PASSPORT_ID,G1,C1,conflicting_assessment,MASK,True,True,False,False,False,True
PASSPORT_ID,G1,C2,approved_low_risk,MASK,True,True,False,False,False,False
PASSPORT_ID,G1,C2,not_necessary,MASK,False,True,False,False,False,False
PASSPORT_ID,G1,C2,adverse_linkage,MASK,True,True,True,False,False,False
PASSPORT_ID,G1,C2,adverse_rarity,MASK,True,True,False,True,False,False
PASSPORT_ID,G1,C2,adverse_exposure,MASK,True,True,False,False,True,False
PASSPORT_ID,G1,C2,incomplete_assessment,MASK,True,False,False,False,False,False
PASSPORT_ID,G1,C2,conflicting_assessment,MASK,True,True,False,False,False,True
PASSPORT_ID,G1,C3,approved_low_risk,MASK,True,True,False,False,False,False
PASSPORT_ID,G1,C3,not_necessary,MASK,False,True,False,False,False,False
PASSPORT_ID,G1,C3,adverse_linkage,MASK,True,True,True,False,False,False
PASSPORT_ID,G1,C3,adverse_rarity,MASK,True,True,False,True,False,False
PASSPORT_ID,G1,C3,adverse_exposure,MASK,True,True,False,False,True,False
PASSPORT_ID,G1,C3,incomplete_assessment,MASK,True,False,False,False,False,False
PASSPORT_ID,G1,C3,conflicting_assessment,MASK,True,True,False,False,False,True
ACCOUNT_NUMBER,G1,C1,approved_low_risk,MASK,True,True,False,False,False,False
ACCOUNT_NUMBER,G1,C1,not_necessary,MASK,False,True,False,False,False,False
ACCOUNT_NUMBER,G1,C1,adverse_linkage,MASK,True,True,True,False,False,False
ACCOUNT_NUMBER,G1,C1,adverse_rarity,MASK,True,True,False,True,False,False
ACCOUNT_NUMBER,G1,C1,adverse_exposure,MASK,True,True,False,False,True,False
ACCOUNT_NUMBER,G1,C1,incomplete_assessment,MASK,True,False,False,False,False,False
ACCOUNT_NUMBER,G1,C1,conflicting_assessment,MASK,True,True,False,False,False,True
ACCOUNT_NUMBER,G1,C2,approved_low_risk,MASK,True,True,False,False,False,False
ACCOUNT_NUMBER,G1,C2,not_necessary,MASK,False,True,False,False,False,False
ACCOUNT_NUMBER,G1,C2,adverse_linkage,MASK,True,True,True,False,False,False
ACCOUNT_NUMBER,G1,C2,adverse_rarity,MASK,True,True,False,True,False,False
ACCOUNT_NUMBER,G1,C2,adverse_exposure,MASK,True,True,False,False,True,False
ACCOUNT_NUMBER,G1,C2,incomplete_assessment,MASK,True,False,False,False,False,False
ACCOUNT_NUMBER,G1,C2,conflicting_assessment,MASK,True,True,False,False,False,True
ACCOUNT_NUMBER,G1,C3,approved_low_risk,MASK,True,True,False,False,False,False
ACCOUNT_NUMBER,G1,C3,not_necessary,MASK,False,True,False,False,False,False
ACCOUNT_NUMBER,G1,C3,adverse_linkage,MASK,True,True,True,False,False,False
ACCOUNT_NUMBER,G1,C3,adverse_rarity,MASK,True,True,False,True,False,False
ACCOUNT_NUMBER,G1,C3,adverse_exposure,MASK,True,True,False,False,True,False
ACCOUNT_NUMBER,G1,C3,incomplete_assessment,MASK,True,False,False,False,False,False
ACCOUNT_NUMBER,G1,C3,conflicting_assessment,MASK,True,True,False,False,False,True
CARD_NUMBER,G1,C1,approved_low_risk,MASK,True,True,False,False,False,False
CARD_NUMBER,G1,C1,not_necessary,MASK,False,True,False,False,False,False
CARD_NUMBER,G1,C1,adverse_linkage,MASK,True,True,True,False,False,False
CARD_NUMBER,G1,C1,adverse_rarity,MASK,True,True,False,True,False,False
CARD_NUMBER,G1,C1,adverse_exposure,MASK,True,True,False,False,True,False
CARD_NUMBER,G1,C1,incomplete_assessment,MASK,True,False,False,False,False,False
CARD_NUMBER,G1,C1,conflicting_assessment,MASK,True,True,False,False,False,True
CARD_NUMBER,G1,C2,approved_low_risk,MASK,True,True,False,False,False,False
CARD_NUMBER,G1,C2,not_necessary,MASK,False,True,False,False,False,False
CARD_NUMBER,G1,C2,adverse_linkage,MASK,True,True,True,False,False,False
CARD_NUMBER,G1,C2,adverse_rarity,MASK,True,True,False,True,False,False
CARD_NUMBER,G1,C2,adverse_exposure,MASK,True,True,False,False,True,False
CARD_NUMBER,G1,C2,incomplete_assessment,MASK,True,False,False,False,False,False
CARD_NUMBER,G1,C2,conflicting_assessment,MASK,True,True,False,False,False,True
CARD_NUMBER,G1,C3,approved_low_risk,MASK,True,True,False,False,False,False
CARD_NUMBER,G1,C3,not_necessary,MASK,False,True,False,False,False,False
CARD_NUMBER,G1,C3,adverse_linkage,MASK,True,True,True,False,False,False
CARD_NUMBER,G1,C3,adverse_rarity,MASK,True,True,False,True,False,False
CARD_NUMBER,G1,C3,adverse_exposure,MASK,True,True,False,False,True,False
CARD_NUMBER,G1,C3,incomplete_assessment,MASK,True,False,False,False,False,False
CARD_NUMBER,G1,C3,conflicting_assessment,MASK,True,True,False,False,False,True
HEALTH_SENSITIVE,G2,C1,approved_low_risk,PRESERVE,True,True,False,False,False,False
HEALTH_SENSITIVE,G2,C1,not_necessary,MASK,False,True,False,False,False,False
HEALTH_SENSITIVE,G2,C1,adverse_linkage,MASK,True,True,True,False,False,False
HEALTH_SENSITIVE,G2,C1,adverse_rarity,MASK,True,True,False,True,False,False
HEALTH_SENSITIVE,G2,C1,adverse_exposure,MASK,True,True,False,False,True,False
HEALTH_SENSITIVE,G2,C1,incomplete_assessment,MASK,True,False,False,False,False,False
HEALTH_SENSITIVE,G2,C1,conflicting_assessment,MASK,True,True,False,False,False,True
HEALTH_SENSITIVE,G2,C2,approved_low_risk,MASK,True,True,False,False,False,False
HEALTH_SENSITIVE,G2,C2,not_necessary,MASK,False,True,False,False,False,False
HEALTH_SENSITIVE,G2,C2,adverse_linkage,MASK,True,True,True,False,False,False
HEALTH_SENSITIVE,G2,C2,adverse_rarity,MASK,True,True,False,True,False,False
HEALTH_SENSITIVE,G2,C2,adverse_exposure,MASK,True,True,False,False,True,False
HEALTH_SENSITIVE,G2,C2,incomplete_assessment,MASK,True,False,False,False,False,False
HEALTH_SENSITIVE,G2,C2,conflicting_assessment,MASK,True,True,False,False,False,True
HEALTH_SENSITIVE,G2,C3,approved_low_risk,MASK,True,True,False,False,False,False
HEALTH_SENSITIVE,G2,C3,not_necessary,MASK,False,True,False,False,False,False
HEALTH_SENSITIVE,G2,C3,adverse_linkage,MASK,True,True,True,False,False,False
HEALTH_SENSITIVE,G2,C3,adverse_rarity,MASK,True,True,False,True,False,False
HEALTH_SENSITIVE,G2,C3,adverse_exposure,MASK,True,True,False,False,True,False
HEALTH_SENSITIVE,G2,C3,incomplete_assessment,MASK,True,False,False,False,False,False
HEALTH_SENSITIVE,G2,C3,conflicting_assessment,MASK,True,True,False,False,False,True
FREE_TEXT_SENSITIVE,G2,C1,approved_low_risk,PRESERVE,True,True,False,False,False,False
FREE_TEXT_SENSITIVE,G2,C1,not_necessary,MASK,False,True,False,False,False,False
FREE_TEXT_SENSITIVE,G2,C1,adverse_linkage,MASK,True,True,True,False,False,False
FREE_TEXT_SENSITIVE,G2,C1,adverse_rarity,MASK,True,True,False,True,False,False
FREE_TEXT_SENSITIVE,G2,C1,adverse_exposure,MASK,True,True,False,False,True,False
FREE_TEXT_SENSITIVE,G2,C1,incomplete_assessment,MASK,True,False,False,False,False,False
FREE_TEXT_SENSITIVE,G2,C1,conflicting_assessment,MASK,True,True,False,False,False,True
FREE_TEXT_SENSITIVE,G2,C2,approved_low_risk,MASK,True,True,False,False,False,False
FREE_TEXT_SENSITIVE,G2,C2,not_necessary,MASK,False,True,False,False,False,False
FREE_TEXT_SENSITIVE,G2,C2,adverse_linkage,MASK,True,True,True,False,False,False
FREE_TEXT_SENSITIVE,G2,C2,adverse_rarity,MASK,True,True,False,True,False,False
FREE_TEXT_SENSITIVE,G2,C2,adverse_exposure,MASK,True,True,False,False,True,False
FREE_TEXT_SENSITIVE,G2,C2,incomplete_assessment,MASK,True,False,False,False,False,False
FREE_TEXT_SENSITIVE,G2,C2,conflicting_assessment,MASK,True,True,False,False,False,True
FREE_TEXT_SENSITIVE,G2,C3,approved_low_risk,MASK,True,True,False,False,False,False
FREE_TEXT_SENSITIVE,G2,C3,not_necessary,MASK,False,True,False,False,False,False
FREE_TEXT_SENSITIVE,G2,C3,adverse_linkage,MASK,True,True,True,False,False,False
FREE_TEXT_SENSITIVE,G2,C3,adverse_rarity,MASK,True,True,False,True,False,False
FREE_TEXT_SENSITIVE,G2,C3,adverse_exposure,MASK,True,True,False,False,True,False
FREE_TEXT_SENSITIVE,G2,C3,incomplete_assessment,MASK,True,False,False,False,False,False
FREE_TEXT_SENSITIVE,G2,C3,conflicting_assessment,MASK,True,True,False,False,False,True
DATE_OF_BIRTH,G2,C1,approved_low_risk,PRESERVE,True,True,False,False,False,False
DATE_OF_BIRTH,G2,C1,not_necessary,MASK,False,True,False,False,False,False
DATE_OF_BIRTH,G2,C1,adverse_linkage,MASK,True,True,True,False,False,False
DATE_OF_BIRTH,G2,C1,adverse_rarity,MASK,True,True,False,True,False,False
DATE_OF_BIRTH,G2,C1,adverse_exposure,MASK,True,True,False,False,True,False
DATE_OF_BIRTH,G2,C1,incomplete_assessment,MASK,True,False,False,False,False,False
DATE_OF_BIRTH,G2,C1,conflicting_assessment,MASK,True,True,False,False,False,True
DATE_OF_BIRTH,G2,C2,approved_low_risk,MASK,True,True,False,False,False,False
DATE_OF_BIRTH,G2,C2,not_necessary,MASK,False,True,False,False,False,False
DATE_OF_BIRTH,G2,C2,adverse_linkage,MASK,True,True,True,False,False,False
DATE_OF_BIRTH,G2,C2,adverse_rarity,MASK,True,True,False,True,False,False
DATE_OF_BIRTH,G2,C2,adverse_exposure,MASK,True,True,False,False,True,False
DATE_OF_BIRTH,G2,C2,incomplete_assessment,MASK,True,False,False,False,False,False
DATE_OF_BIRTH,G2,C2,conflicting_assessment,MASK,True,True,False,False,False,True
DATE_OF_BIRTH,G2,C3,approved_low_risk,MASK,True,True,False,False,False,False
DATE_OF_BIRTH,G2,C3,not_necessary,MASK,False,True,False,False,False,False
DATE_OF_BIRTH,G2,C3,adverse_linkage,MASK,True,True,True,False,False,False
DATE_OF_BIRTH,G2,C3,adverse_rarity,MASK,True,True,False,True,False,False
DATE_OF_BIRTH,G2,C3,adverse_exposure,MASK,True,True,False,False,True,False
DATE_OF_BIRTH,G2,C3,incomplete_assessment,MASK,True,False,False,False,False,False
DATE_OF_BIRTH,G2,C3,conflicting_assessment,MASK,True,True,False,False,False,True
POSTAL_CODE,G2,C1,approved_low_risk,PRESERVE,True,True,False,False,False,False
POSTAL_CODE,G2,C1,not_necessary,MASK,False,True,False,False,False,False
POSTAL_CODE,G2,C1,adverse_linkage,MASK,True,True,True,False,False,False
POSTAL_CODE,G2,C1,adverse_rarity,MASK,True,True,False,True,False,False
POSTAL_CODE,G2,C1,adverse_exposure,MASK,True,True,False,False,True,False
POSTAL_CODE,G2,C1,incomplete_assessment,MASK,True,False,False,False,False,False
POSTAL_CODE,G2,C1,conflicting_assessment,MASK,True,True,False,False,False,True
POSTAL_CODE,G2,C2,approved_low_risk,MASK,True,True,False,False,False,False
POSTAL_CODE,G2,C2,not_necessary,MASK,False,True,False,False,False,False
POSTAL_CODE,G2,C2,adverse_linkage,MASK,True,True,True,False,False,False
POSTAL_CODE,G2,C2,adverse_rarity,MASK,True,True,False,True,False,False
POSTAL_CODE,G2,C2,adverse_exposure,MASK,True,True,False,False,True,False
POSTAL_CODE,G2,C2,incomplete_assessment,MASK,True,False,False,False,False,False
POSTAL_CODE,G2,C2,conflicting_assessment,MASK,True,True,False,False,False,True
POSTAL_CODE,G2,C3,approved_low_risk,MASK,True,True,False,False,False,False
POSTAL_CODE,G2,C3,not_necessary,MASK,False,True,False,False,False,False
POSTAL_CODE,G2,C3,adverse_linkage,MASK,True,True,True,False,False,False
POSTAL_CODE,G2,C3,adverse_rarity,MASK,True,True,False,True,False,False
POSTAL_CODE,G2,C3,adverse_exposure,MASK,True,True,False,False,True,False
POSTAL_CODE,G2,C3,incomplete_assessment,MASK,True,False,False,False,False,False
POSTAL_CODE,G2,C3,conflicting_assessment,MASK,True,True,False,False,False,True
AGE,G3,C1,approved_low_risk,PRESERVE,True,True,False,False,False,False
AGE,G3,C1,not_necessary,MASK,False,True,False,False,False,False
AGE,G3,C1,adverse_linkage,MASK,True,True,True,False,False,False
AGE,G3,C1,adverse_rarity,MASK,True,True,False,True,False,False
AGE,G3,C1,adverse_exposure,MASK,True,True,False,False,True,False
AGE,G3,C1,incomplete_assessment,MASK,True,False,False,False,False,False
AGE,G3,C1,conflicting_assessment,MASK,True,True,False,False,False,True
AGE,G3,C2,approved_low_risk,PRESERVE,True,True,False,False,False,False
AGE,G3,C2,not_necessary,MASK,False,True,False,False,False,False
AGE,G3,C2,adverse_linkage,MASK,True,True,True,False,False,False
AGE,G3,C2,adverse_rarity,MASK,True,True,False,True,False,False
AGE,G3,C2,adverse_exposure,MASK,True,True,False,False,True,False
AGE,G3,C2,incomplete_assessment,MASK,True,False,False,False,False,False
AGE,G3,C2,conflicting_assessment,MASK,True,True,False,False,False,True
AGE,G3,C3,approved_low_risk,PRESERVE,True,True,False,False,False,False
AGE,G3,C3,not_necessary,MASK,False,True,False,False,False,False
AGE,G3,C3,adverse_linkage,MASK,True,True,True,False,False,False
AGE,G3,C3,adverse_rarity,MASK,True,True,False,True,False,False
AGE,G3,C3,adverse_exposure,MASK,True,True,False,False,True,False
AGE,G3,C3,incomplete_assessment,MASK,True,False,False,False,False,False
AGE,G3,C3,conflicting_assessment,MASK,True,True,False,False,False,True
GENDER,G3,C1,approved_low_risk,PRESERVE,True,True,False,False,False,False
GENDER,G3,C1,not_necessary,MASK,False,True,False,False,False,False
GENDER,G3,C1,adverse_linkage,MASK,True,True,True,False,False,False
GENDER,G3,C1,adverse_rarity,MASK,True,True,False,True,False,False
GENDER,G3,C1,adverse_exposure,MASK,True,True,False,False,True,False
GENDER,G3,C1,incomplete_assessment,MASK,True,False,False,False,False,False
GENDER,G3,C1,conflicting_assessment,MASK,True,True,False,False,False,True
GENDER,G3,C2,approved_low_risk,PRESERVE,True,True,False,False,False,False
GENDER,G3,C2,not_necessary,MASK,False,True,False,False,False,False
GENDER,G3,C2,adverse_linkage,MASK,True,True,True,False,False,False
GENDER,G3,C2,adverse_rarity,MASK,True,True,False,True,False,False
GENDER,G3,C2,adverse_exposure,MASK,True,True,False,False,True,False
GENDER,G3,C2,incomplete_assessment,MASK,True,False,False,False,False,False
GENDER,G3,C2,conflicting_assessment,MASK,True,True,False,False,False,True
GENDER,G3,C3,approved_low_risk,PRESERVE,True,True,False,False,False,False
GENDER,G3,C3,not_necessary,MASK,False,True,False,False,False,False
GENDER,G3,C3,adverse_linkage,MASK,True,True,True,False,False,False
GENDER,G3,C3,adverse_rarity,MASK,True,True,False,True,False,False
GENDER,G3,C3,adverse_exposure,MASK,True,True,False,False,True,False
GENDER,G3,C3,incomplete_assessment,MASK,True,False,False,False,False,False
GENDER,G3,C3,conflicting_assessment,MASK,True,True,False,False,False,True
NATIONALITY,G3,C1,approved_low_risk,PRESERVE,True,True,False,False,False,False
NATIONALITY,G3,C1,not_necessary,MASK,False,True,False,False,False,False
NATIONALITY,G3,C1,adverse_linkage,MASK,True,True,True,False,False,False
NATIONALITY,G3,C1,adverse_rarity,MASK,True,True,False,True,False,False
NATIONALITY,G3,C1,adverse_exposure,MASK,True,True,False,False,True,False
NATIONALITY,G3,C1,incomplete_assessment,MASK,True,False,False,False,False,False
NATIONALITY,G3,C1,conflicting_assessment,MASK,True,True,False,False,False,True
NATIONALITY,G3,C2,approved_low_risk,PRESERVE,True,True,False,False,False,False
NATIONALITY,G3,C2,not_necessary,MASK,False,True,False,False,False,False
NATIONALITY,G3,C2,adverse_linkage,MASK,True,True,True,False,False,False
NATIONALITY,G3,C2,adverse_rarity,MASK,True,True,False,True,False,False
NATIONALITY,G3,C2,adverse_exposure,MASK,True,True,False,False,True,False
NATIONALITY,G3,C2,incomplete_assessment,MASK,True,False,False,False,False,False
NATIONALITY,G3,C2,conflicting_assessment,MASK,True,True,False,False,False,True
NATIONALITY,G3,C3,approved_low_risk,PRESERVE,True,True,False,False,False,False
NATIONALITY,G3,C3,not_necessary,MASK,False,True,False,False,False,False
NATIONALITY,G3,C3,adverse_linkage,MASK,True,True,True,False,False,False
NATIONALITY,G3,C3,adverse_rarity,MASK,True,True,False,True,False,False
NATIONALITY,G3,C3,adverse_exposure,MASK,True,True,False,False,True,False
NATIONALITY,G3,C3,incomplete_assessment,MASK,True,False,False,False,False,False
NATIONALITY,G3,C3,conflicting_assessment,MASK,True,True,False,False,False,True
ORGANIZATION,G3,C1,approved_low_risk,PRESERVE,True,True,False,False,False,False
ORGANIZATION,G3,C1,not_necessary,MASK,False,True,False,False,False,False
ORGANIZATION,G3,C1,adverse_linkage,MASK,True,True,True,False,False,False
ORGANIZATION,G3,C1,adverse_rarity,MASK,True,True,False,True,False,False
ORGANIZATION,G3,C1,adverse_exposure,MASK,True,True,False,False,True,False
ORGANIZATION,G3,C1,incomplete_assessment,MASK,True,False,False,False,False,False
ORGANIZATION,G3,C1,conflicting_assessment,MASK,True,True,False,False,False,True
ORGANIZATION,G3,C2,approved_low_risk,PRESERVE,True,True,False,False,False,False
ORGANIZATION,G3,C2,not_necessary,MASK,False,True,False,False,False,False
ORGANIZATION,G3,C2,adverse_linkage,MASK,True,True,True,False,False,False
ORGANIZATION,G3,C2,adverse_rarity,MASK,True,True,False,True,False,False
ORGANIZATION,G3,C2,adverse_exposure,MASK,True,True,False,False,True,False
ORGANIZATION,G3,C2,incomplete_assessment,MASK,True,False,False,False,False,False
ORGANIZATION,G3,C2,conflicting_assessment,MASK,True,True,False,False,False,True
ORGANIZATION,G3,C3,approved_low_risk,PRESERVE,True,True,False,False,False,False
ORGANIZATION,G3,C3,not_necessary,MASK,False,True,False,False,False,False
ORGANIZATION,G3,C3,adverse_linkage,MASK,True,True,True,False,False,False
ORGANIZATION,G3,C3,adverse_rarity,MASK,True,True,False,True,False,False
ORGANIZATION,G3,C3,adverse_exposure,MASK,True,True,False,False,True,False
ORGANIZATION,G3,C3,incomplete_assessment,MASK,True,False,False,False,False,False
ORGANIZATION,G3,C3,conflicting_assessment,MASK,True,True,False,False,False,True
MARITAL_STATUS,G3,C1,approved_low_risk,PRESERVE,True,True,False,False,False,False
MARITAL_STATUS,G3,C1,not_necessary,MASK,False,True,False,False,False,False
MARITAL_STATUS,G3,C1,adverse_linkage,MASK,True,True,True,False,False,False
MARITAL_STATUS,G3,C1,adverse_rarity,MASK,True,True,False,True,False,False
MARITAL_STATUS,G3,C1,adverse_exposure,MASK,True,True,False,False,True,False
MARITAL_STATUS,G3,C1,incomplete_assessment,MASK,True,False,False,False,False,False
MARITAL_STATUS,G3,C1,conflicting_assessment,MASK,True,True,False,False,False,True
MARITAL_STATUS,G3,C2,approved_low_risk,PRESERVE,True,True,False,False,False,False
MARITAL_STATUS,G3,C2,not_necessary,MASK,False,True,False,False,False,False
MARITAL_STATUS,G3,C2,adverse_linkage,MASK,True,True,True,False,False,False
MARITAL_STATUS,G3,C2,adverse_rarity,MASK,True,True,False,True,False,False
MARITAL_STATUS,G3,C2,adverse_exposure,MASK,True,True,False,False,True,False
MARITAL_STATUS,G3,C2,incomplete_assessment,MASK,True,False,False,False,False,False
MARITAL_STATUS,G3,C2,conflicting_assessment,MASK,True,True,False,False,False,True
MARITAL_STATUS,G3,C3,approved_low_risk,PRESERVE,True,True,False,False,False,False
MARITAL_STATUS,G3,C3,not_necessary,MASK,False,True,False,False,False,False
MARITAL_STATUS,G3,C3,adverse_linkage,MASK,True,True,True,False,False,False
MARITAL_STATUS,G3,C3,adverse_rarity,MASK,True,True,False,True,False,False
MARITAL_STATUS,G3,C3,adverse_exposure,MASK,True,True,False,False,True,False
MARITAL_STATUS,G3,C3,incomplete_assessment,MASK,True,False,False,False,False,False
MARITAL_STATUS,G3,C3,conflicting_assessment,MASK,True,True,False,False,False,True
OCCUPATION,G3,C1,approved_low_risk,PRESERVE,True,True,False,False,False,False
OCCUPATION,G3,C1,not_necessary,MASK,False,True,False,False,False,False
OCCUPATION,G3,C1,adverse_linkage,MASK,True,True,True,False,False,False
OCCUPATION,G3,C1,adverse_rarity,MASK,True,True,False,True,False,False
OCCUPATION,G3,C1,adverse_exposure,MASK,True,True,False,False,True,False
OCCUPATION,G3,C1,incomplete_assessment,MASK,True,False,False,False,False,False
OCCUPATION,G3,C1,conflicting_assessment,MASK,True,True,False,False,False,True
OCCUPATION,G3,C2,approved_low_risk,PRESERVE,True,True,False,False,False,False
OCCUPATION,G3,C2,not_necessary,MASK,False,True,False,False,False,False
OCCUPATION,G3,C2,adverse_linkage,MASK,True,True,True,False,False,False
OCCUPATION,G3,C2,adverse_rarity,MASK,True,True,False,True,False,False
OCCUPATION,G3,C2,adverse_exposure,MASK,True,True,False,False,True,False
OCCUPATION,G3,C2,incomplete_assessment,MASK,True,False,False,False,False,False
OCCUPATION,G3,C2,conflicting_assessment,MASK,True,True,False,False,False,True
OCCUPATION,G3,C3,approved_low_risk,PRESERVE,True,True,False,False,False,False
OCCUPATION,G3,C3,not_necessary,MASK,False,True,False,False,False,False
OCCUPATION,G3,C3,adverse_linkage,MASK,True,True,True,False,False,False
OCCUPATION,G3,C3,adverse_rarity,MASK,True,True,False,True,False,False
OCCUPATION,G3,C3,adverse_exposure,MASK,True,True,False,False,True,False
OCCUPATION,G3,C3,incomplete_assessment,MASK,True,False,False,False,False,False
OCCUPATION,G3,C3,conflicting_assessment,MASK,True,True,False,False,False,True
