group,n,source_documents,cluster_CI95_low,cluster_CI95_high,baseline_ANLS,masked_ANLS,difference,CI95_low,CI95_high,baseline_EM,masked_EM,better,same,worse
ALL,194,192,-0.6218597166826666,-0.48213924967606175,0.6357842906168313,0.0831423074600758,-0.5526419831567555,-0.6207600134488827,-0.4829531414638951,0.5154639175257731,0.05670103092783505,2,75,117
ROLE:COMPLEX_BUSINESS,58,58,-0.6547073969088012,-0.4078361144266838,0.6508467443290858,0.11946559187938498,-0.5313811524497009,-0.6547073969088012,-0.4078361144266838,0.4827586206896552,0.06896551724137931,1,22,35
ROLE:COMPLEX_CONTEXT,20,20,-0.8452380952380952,-0.4404761904761905,0.6452380952380953,0.0,-0.6452380952380953,-0.8452380952380952,-0.4404761904761905,0.6,0.0,0,7,13
ROLE:FREE_NARRATIVE,59,57,-0.6294529321253458,-0.35968118406466343,0.554747014368151,0.05989723138277475,-0.49484978298537624,-0.6246303061345435,-0.36070531163751507,0.4745762711864407,0.03389830508474576,1,26,32
ROLE:NEGATIVE_CONTROL,10,10,-0.7608695652173914,-0.16086956521739132,0.6608695652173913,0.2,-0.4608695652173913,-0.7608695652173914,-0.16086956521739132,0.6,0.2,0,5,5
ROLE:PII_CONTEXT,47,47,-0.7586177662554384,-0.4970595685082544,0.70956403838131,0.07801418439716312,-0.6315498539841469,-0.7586177662554384,-0.4970595685082544,0.5531914893617021,0.06382978723404255,0,15,32
QUESTION_TYPE:Image/Photo,5,5,0.0,0.0,0.0,0.0,0.0,0.0,0.0,0.0,0.0,0,5,0
QUESTION_TYPE:figure/diagram,3,3,0.0,0.0,0.0,0.0,0.0,0.0,0.0,0.0,0.0,0,3,0
QUESTION_TYPE:form,34,34,-0.789032300420168,-0.4817358591163739,0.7541364272981921,0.11229946524064172,-0.6418369620575504,-0.789032300420168,-0.4817358591163739,0.5588235294117647,0.08823529411764706,1,9,24
QUESTION_TYPE:free_text,30,29,-0.5612554112554111,-0.20517241379310344,0.4428711484593837,0.058823529411764705,-0.384047619047619,-0.5616666666666668,-0.21904761904761905,0.36666666666666664,0.03333333333333333,0,18,12
QUESTION_TYPE:handwritten,10,10,-0.6457142857142857,-0.05,0.5407142857142857,0.2,-0.34071428571428575,-0.6457142857142857,-0.05,0.3,0.2,1,5,4
QUESTION_TYPE:layout,126,126,-0.7091466295182627,-0.5410327225042243,0.7026076994331986,0.07510270619514317,-0.6275049932380554,-0.7091466295182627,-0.5410327225042243,0.5873015873015873,0.03968253968253968,1,39,86
QUESTION_TYPE:others,3,3,0.0,0.0,0.0,0.0,0.0,0.0,0.0,0.0,0.0,0,3,0
QUESTION_TYPE:table/list,22,22,-0.5270710350255804,-0.15977961432506885,0.5437819756001574,0.2038567493112948,-0.3399252262888627,-0.5270710350255804,-0.15977961432506885,0.36363636363636365,0.13636363636363635,0,12,10
