source_document_id,document_id,role,question_types,BASELINE_AUGMENTED,BASELINE_AUGMENTED_EM,ANSWER_MASKED,ANSWER_MASKED_EM
fgkw0228,fgkw0228_4,FREE_NARRATIVE,layout,1.0,1.0,0.0,0.0
fglc0003,fglc0003_1,COMPLEX_CONTEXT,free_text,0.0,0.0,0.0,0.0
fgvc0225,fgvc0225_9,PII_CONTEXT,handwritten|form,1.0,1.0,1.0,1.0
fhcn0226,fhcn0226_2,COMPLEX_BUSINESS,layout,1.0,1.0,0.0,0.0
fhnw0228,fhnw0228_1,FREE_NARRATIVE,layout,1.0,1.0,0.0,0.0
fkgv0228,fkgv0228_1,COMPLEX_BUSINESS,table/list,1.0,1.0,1.0,1.0
fkpj0226,fkpj0226_2,FREE_NARRATIVE,layout,1.0,1.0,0.0,0.0
flfl0228,flfl0228_1,COMPLEX_BUSINESS,table/list|layout,1.0,1.0,0.0,0.0
flxn0020,flxn0020_1,PII_CONTEXT,layout,1.0,1.0,0.0,0.0
fmjb0228,fmjb0228_14,COMPLEX_BUSINESS,layout,1.0,1.0,1.0,1.0
fmkp0227,fmkp0227_5,COMPLEX_BUSINESS,handwritten|table/list,0.0,0.0,0.0,0.0
fmnm0227,fmnm0227_6,PII_CONTEXT,layout,0.6428571428571428,0.0,0.0,0.0
fpcf0004,fpcf0004_3,FREE_NARRATIVE,free_text|layout,1.0,1.0,0.0,0.0
fpdp0080,fpdp0080_1,FREE_NARRATIVE,layout,0.0,0.0,0.0,0.0
fpjn0020,fpjn0020_1,FREE_NARRATIVE,layout,0.0,0.0,0.0,0.0
fqny0000,fqny0000_1,COMPLEX_BUSINESS,layout,0.9642857142857143,0.0,0.0,0.0
fsgv0079,fsgv0079_1,FREE_NARRATIVE,layout,1.0,1.0,0.0,0.0
fxjp0080,fxjp0080_1,COMPLEX_CONTEXT,free_text|layout,0.0,0.0,0.0,0.0
fydc0228,fydc0228_10,COMPLEX_BUSINESS,figure/diagram|table/list,0.0,0.0,0.0,0.0
fygb0228,fygb0228_1,COMPLEX_BUSINESS,layout,0.0,0.0,0.0,0.0
gfhv0228,gfhv0228_2,COMPLEX_BUSINESS,handwritten|table/list|layout,0.0,0.0,0.0,0.0
gfyk0226,gfyk0226_6,FREE_NARRATIVE,layout,0.0,0.0,0.0,0.0
gggw0004,gggw0004_2,PII_CONTEXT,layout,1.0,1.0,0.0,0.0
ggpk0225,ggpk0225_1,FREE_NARRATIVE,Image/Photo,0.0,0.0,0.0,0.0
gknp0227,gknp0227_6,FREE_NARRATIVE,layout,0.0,0.0,0.0,0.0
gkpk0226,gkpk0226_1,FREE_NARRATIVE,layout,0.0,0.0,0.0,0.0
gmcd0003,gmcd0003_1,COMPLEX_BUSINESS,handwritten|form,0.8,0.0,0.0,0.0
gmgv0228,gmgv0228_1,COMPLEX_BUSINESS,layout,0.625,0.0,0.0,0.0
gncw0217,gncw0217_1,PII_CONTEXT,table/list,0.0,0.0,0.0,0.0
gnnp0227,gnnp0227_6,FREE_NARRATIVE,handwritten|form|layout,0.0,0.0,0.0,0.0
gpfl0225,gpfl0225_5,FREE_NARRATIVE,free_text,1.0,1.0,0.0,0.0
gpfl0225,gpfl0225_7,FREE_NARRATIVE,free_text,1.0,1.0,0.0,0.0
gpyy0225,gpyy0225_2,PII_CONTEXT,free_text,1.0,1.0,0.0,0.0
gqcw0079,gqcw0079_2,COMPLEX_BUSINESS,form,1.0,1.0,0.0,0.0
grcl0079,grcl0079_2,FREE_NARRATIVE,free_text,0.0,0.0,0.0,0.0
gtpf0227,gtpf0227_1,PII_CONTEXT,form,0.0,0.0,0.0,0.0
gtyg0227,gtyg0227_1,NEGATIVE_CONTROL,table/list,1.0,1.0,1.0,1.0
gxgw0079,gxgw0079_1,COMPLEX_BUSINESS,layout,1.0,1.0,0.0,0.0
gxmw0227,gxmw0227_1,FREE_NARRATIVE,free_text|layout,1.0,1.0,0.0,0.0
gzyh0227,gzyh0227_9,COMPLEX_BUSINESS,layout,1.0,1.0,0.0,0.0
hfmf0227,hfmf0227_1,FREE_NARRATIVE,layout,1.0,1.0,0.0,0.0
hgwd0227,hgwd0227_34,NEGATIVE_CONTROL,table/list,0.0,0.0,0.0,0.0
hhfm0227,hhfm0227_1,FREE_NARRATIVE,free_text,0.0,0.0,0.0,0.0
hhwh0078,hhwh0078_1,COMPLEX_BUSINESS,layout,0.0,0.0,0.0,0.0
hkhx0227,hkhx0227_2,NEGATIVE_CONTROL,form,1.0,1.0,0.0,0.0
hkyh0078,hkyh0078_1,FREE_NARRATIVE,free_text,0.0,0.0,0.0,0.0
hlhv0228,hlhv0228_3,COMPLEX_BUSINESS,layout,0.0,0.0,0.0,0.0
hlkb0228,hlkb0228_1,COMPLEX_BUSINESS,layout,1.0,1.0,0.0,0.0
hlxc0081,hlxc0081_1,COMPLEX_BUSINESS,layout,1.0,1.0,0.0,0.0
hnhd0227,hnhd0227_8,COMPLEX_CONTEXT,free_text,0.0,0.0,0.0,0.0
hnhp0000,hnhp0000_1,PII_CONTEXT,form|layout,1.0,1.0,0.0,0.0
hnjn0226,hnjn0226_2,COMPLEX_CONTEXT,form,1.0,1.0,0.0,0.0
hrfl0079,hrfl0079_8,COMPLEX_BUSINESS,layout,1.0,1.0,0.0,0.0
htxg0227,htxg0227_3,COMPLEX_BUSINESS,table/list|layout,0.6363636363636364,0.0,0.0,0.0
htyp0227,htyp0227_3,COMPLEX_BUSINESS,table/list,1.0,1.0,0.0,0.0
hxjw0081,hxjw0081_4,COMPLEX_BUSINESS,layout,0.0,0.0,0.0,0.0
hzjg0224,hzjg0224_2,COMPLEX_BUSINESS,layout,0.0,0.0,0.0,0.0
jhbl0226,jhbl0226_45,COMPLEX_BUSINESS,free_text|layout,0.0,0.0,0.0,0.0
jkhn0226,jkhn0226_1,FREE_NARRATIVE,free_text,1.0,1.0,0.0,0.0
jmhk0228,jmhk0228_2,PII_CONTEXT,layout,0.0,0.0,0.0,0.0
jnyg0227,jnyg0227_1,FREE_NARRATIVE,layout,0.0,0.0,1.0,1.0
jrlg0227,jrlg0227_1,PII_CONTEXT,form,1.0,1.0,0.0,0.0
jtpy0000,jtpy0000_2,COMPLEX_BUSINESS,layout,1.0,1.0,1.0,1.0
jyfk0226,jyfk0226_1,FREE_NARRATIVE,layout,0.0,0.0,0.0,0.0
jzbx0227,jzbx0227_4,PII_CONTEXT,layout,1.0,1.0,0.0,0.0
kfdw0217,kfdw0217_1,PII_CONTEXT,layout,1.0,1.0,0.0,0.0
kfgn0226,kfgn0226_1,PII_CONTEXT,layout,0.0,0.0,0.0,0.0
kfpj0226,kfpj0226_2,FREE_NARRATIVE,free_text,0.0,0.0,0.0,0.0
kgjl0226,kgjl0226_1,COMPLEX_BUSINESS,layout,1.0,1.0,0.0,0.0
khcw0004,khcw0004_1,PII_CONTEXT,layout,1.0,1.0,1.0,1.0
kjkg0227,kjkg0227_1,FREE_NARRATIVE,layout,1.0,1.0,0.0,0.0
kkny0225,kkny0225_1,COMPLEX_BUSINESS,layout,1.0,1.0,0.0,0.0
klxk0225,klxk0225_1,PII_CONTEXT,layout,1.0,1.0,0.0,0.0
kmfh0023,kmfh0023_2,COMPLEX_CONTEXT,layout,0.0,0.0,0.0,0.0
knpp0227,knpp0227_4,PII_CONTEXT,form,0.0,0.0,0.0,0.0
kqbb0079,kqbb0079_5,PII_CONTEXT,layout,1.0,1.0,0.0,0.0
kqwg0078,kqwg0078_2,PII_CONTEXT,layout,1.0,1.0,0.0,0.0
krpn0081,krpn0081_1,FREE_NARRATIVE,layout,0.0,0.0,0.0,0.0
lfgl0228,lfgl0228_2,COMPLEX_BUSINESS,table/list,1.0,1.0,0.0,0.0
lfkl0226,lfkl0226_1,FREE_NARRATIVE,free_text,1.0,1.0,1.0,1.0
ljlm0227,ljlm0227_1,COMPLEX_CONTEXT,form,0.9047619047619048,0.0,0.0,0.0
ljnl0226,ljnl0226_1,FREE_NARRATIVE,layout,1.0,1.0,0.0,0.0
ljxj0037,ljxj0037_1,NEGATIVE_CONTROL,layout,1.0,1.0,0.0,0.0
lkfp0000,lkfp0000_1,COMPLEX_CONTEXT,free_text|form,1.0,1.0,0.0,0.0
lldj0224,lldj0224_2,PII_CONTEXT,form|layout,1.0,1.0,0.0,0.0
lnmm0081,lnmm0081_6,FREE_NARRATIVE,free_text,0.0,0.0,0.0,0.0
lnmm0081,lnmm0081_7,FREE_NARRATIVE,layout|Image/Photo,0.0,0.0,0.0,0.0
lrwj0224,lrwj0224_2,PII_CONTEXT,form,0.875,0.0,0.0,0.0
ltlj0226,ltlj0226_7,PII_CONTEXT,form|layout,1.0,1.0,0.0,0.0
lxch0228,lxch0228_1,PII_CONTEXT,form|layout,1.0,1.0,1.0,1.0
lxcj0224,lxcj0224_1,COMPLEX_BUSINESS,form,0.6875,0.0,0.0,0.0
lzkh0228,lzkh0228_1,PII_CONTEXT,layout,0.8666666666666667,0.0,0.0,0.0
mfpj0226,mfpj0226_1,FREE_NARRATIVE,free_text,0.0,0.0,0.0,0.0
mgxg0227,mgxg0227_1,COMPLEX_BUSINESS,layout,0.0,0.0,0.0,0.0
mhcg0072,mhcg0072_43,COMPLEX_BUSINESS,layout,1.0,1.0,0.0,0.0
mskw0228,mskw0228_1,COMPLEX_BUSINESS,form|layout,0.0,0.0,0.0,0.0
myjf0004,myjf0004_2,COMPLEX_CONTEXT,layout,1.0,1.0,0.0,0.0
myph0227,myph0227_1,COMPLEX_BUSINESS,layout,0.9032258064516129,0.0,0.0,0.0
mzdv0228,mzdv0228_1,COMPLEX_BUSINESS,layout,1.0,1.0,0.0,0.0
mzgx0227,mzgx0227_1,PII_CONTEXT,layout,1.0,1.0,0.0,0.0
nfbg0227,nfbg0227_1,FREE_NARRATIVE,layout,1.0,1.0,0.0,0.0
nglg0227,nglg0227_3,COMPLEX_BUSINESS,layout,1.0,1.0,0.0,0.0
nhgh0228,nhgh0228_6,COMPLEX_CONTEXT,form,1.0,1.0,0.0,0.0
nhpj0226,nhpj0226_1,FREE_NARRATIVE,layout,1.0,1.0,0.7692307692307692,0.0
nmcd0228,nmcd0228_27,COMPLEX_CONTEXT,layout,1.0,1.0,0.0,0.0
nnfg0224,nnfg0224_13,PII_CONTEXT,layout,0.0,0.0,0.0,0.0
nnhk0228,nnhk0228_1,COMPLEX_BUSINESS,layout,0.96875,0.0,0.9393939393939394,0.0
npwx0225,npwx0225_9,COMPLEX_BUSINESS,layout,1.0,1.0,0.0,0.0
nsnl0226,nsnl0226_1,FREE_NARRATIVE,layout,0.0,0.0,0.0,0.0
ntvw0217,ntvw0217_12,COMPLEX_BUSINESS,layout,0.9818181818181818,0.0,0.0,0.0
nxkh0227,nxkh0227_1,PII_CONTEXT,layout,1.0,1.0,0.0,0.0
nynn0081,nynn0081_8,COMPLEX_BUSINESS,table/list,1.0,1.0,0.0,0.0
pfkw0227,pfkw0227_2,FREE_NARRATIVE,free_text,0.0,0.0,0.0,0.0
pgjw0227,pgjw0227_5,COMPLEX_BUSINESS,layout,1.0,1.0,0.0,0.0
pgpg0227,pgpg0227_1,FREE_NARRATIVE,free_text,0.0,0.0,0.0,0.0
pgxg0227,pgxg0227_1,COMPLEX_CONTEXT,layout,1.0,1.0,0.0,0.0
pqxf0227,pqxf0227_1,COMPLEX_BUSINESS,layout,0.0,0.0,0.0,0.0
prbw0004,prbw0004_1,COMPLEX_BUSINESS,layout,0.6,0.0,0.6,0.0
pslm0006,pslm0006_1,PII_CONTEXT,layout,1.0,1.0,0.0,0.0
pybn0226,pybn0226_2,FREE_NARRATIVE,free_text,0.5714285714285714,0.0,0.0,0.0
pydv0228,pydv0228_9,COMPLEX_CONTEXT,layout,1.0,1.0,0.0,0.0
pygf0227,pygf0227_4,COMPLEX_CONTEXT,free_text|layout,0.0,0.0,0.0,0.0
qffw0228,qffw0228_23,COMPLEX_BUSINESS,layout,1.0,1.0,0.0,0.0
qfkw0227,qfkw0227_1,NEGATIVE_CONTROL,layout|others,0.0,0.0,0.0,0.0
qfvg0227,qfvg0227_2,COMPLEX_BUSINESS,table/list,0.0,0.0,0.0,0.0
qhmx0021,qhmx0021_2,COMPLEX_BUSINESS,free_text|layout,1.0,1.0,0.0,0.0
qhxl0226,qhxl0226_1,FREE_NARRATIVE,free_text,0.0,0.0,0.0,0.0
qjvj0224,qjvj0224_2,COMPLEX_CONTEXT,figure/diagram|others,0.0,0.0,0.0,0.0
qkyl0006,qkyl0006_1,PII_CONTEXT,handwritten|form,1.0,1.0,0.0,0.0
qlcf0227,qlcf0227_1,FREE_NARRATIVE,layout,1.0,1.0,0.0,0.0
qpbf0227,qpbf0227_1,PII_CONTEXT,Image/Photo,0.0,0.0,0.0,0.0
qplp0000,qplp0000_2,COMPLEX_BUSINESS,layout,0.9230769230769231,0.0,0.0,0.0
qqvv0228,qqvv0228_2,COMPLEX_BUSINESS,layout,0.0,0.0,0.0,0.0
qqyv0228,qqyv0228_2,FREE_NARRATIVE,free_text,1.0,1.0,0.0,0.0
qtgl0226,qtgl0226_2,COMPLEX_BUSINESS,layout,1.0,1.0,0.0,0.0
qtxb0228,qtxb0228_1,PII_CONTEXT,form|layout,0.8571428571428572,0.0,0.0,0.0
qxpn0081,qxpn0081_9,COMPLEX_CONTEXT,table/list,0.0,0.0,0.0,0.0
qymj0226,qymj0226_1,COMPLEX_BUSINESS,form|table/list|layout,0.9090909090909091,0.0,0.8181818181818181,0.0
qync0227,qync0227_1,PII_CONTEXT,layout,0.0,0.0,0.0,0.0
qzcc0228,qzcc0228_3,COMPLEX_BUSINESS,table/list,0.0,0.0,0.0,0.0
qzlj0226,qzlj0226_1,PII_CONTEXT,form,0.8571428571428572,0.0,0.0,0.0
rfnj0226,rfnj0226_1,COMPLEX_BUSINESS,table/list|layout,0.0,0.0,0.0,0.0
rhxj0037,rhxj0037_1,NEGATIVE_CONTROL,layout,1.0,1.0,0.0,0.0
rkbd0228,rkbd0228_1,PII_CONTEXT,layout,1.0,1.0,0.0,0.0
rlmy0225,rlmy0225_9,PII_CONTEXT,handwritten|table/list,0.8571428571428572,0.0,0.0,0.0
rmpn0000,rmpn0000_1,FREE_NARRATIVE,layout,1.0,1.0,0.0,0.0
rnjg0227,rnjg0227_1,COMPLEX_CONTEXT,free_text|layout,1.0,1.0,0.0,0.0
rphx0227,rphx0227_1,FREE_NARRATIVE,layout,1.0,1.0,0.0,0.0
rpmy0000,rpmy0000_1,PII_CONTEXT,form,1.0,1.0,0.0,0.0
rrdd0228,rrdd0228_14,COMPLEX_BUSINESS,layout,1.0,1.0,0.0,0.0
rtcw0217,rtcw0217_1,FREE_NARRATIVE,layout,1.0,1.0,0.0,0.0
rtjf0226,rtjf0226_1,COMPLEX_CONTEXT,form|layout,1.0,1.0,0.0,0.0
slkk0226,slkk0226_1,FREE_NARRATIVE,layout,1.0,1.0,0.0,0.0
srgb0228,srgb0228_2,PII_CONTEXT,layout,0.6190476190476191,0.0,0.0,0.0
srvg0227,srvg0227_1,NEGATIVE_CONTROL,table/list,1.0,1.0,1.0,1.0
srxv0228,srxv0228_1,FREE_NARRATIVE,layout,1.0,1.0,0.0,0.0
ssmy0046,ssmy0046_1,FREE_NARRATIVE,free_text|layout,0.7647058823529411,0.0,0.7647058823529411,0.0
stfg0065,stfg0065_1,COMPLEX_BUSINESS,layout,1.0,1.0,0.0,0.0
sxjh0227,sxjh0227_1,FREE_NARRATIVE,layout,1.0,1.0,0.0,0.0
sxvg0227,sxvg0227_1,FREE_NARRATIVE,layout,1.0,1.0,0.0,0.0
tjpv0228,tjpv0228_1,FREE_NARRATIVE,layout,0.75,0.0,0.0,0.0
tkmk0226,tkmk0226_2,FREE_NARRATIVE,free_text|others,0.0,0.0,0.0,0.0
tlyl0226,tlyl0226_10,COMPLEX_CONTEXT,form,1.0,1.0,0.0,0.0
tnbf0227,tnbf0227_1,FREE_NARRATIVE,table/list,1.0,1.0,0.0,0.0
tnjw0228,tnjw0228_1,PII_CONTEXT,layout,0.0,0.0,0.0,0.0
tyhk0228,tyhk0228_2,FREE_NARRATIVE,table/list,0.7272727272727273,0.0,0.0,0.0
xhwm0227,xhwm0227_4,FREE_NARRATIVE,free_text,0.0,0.0,0.0,0.0
xkwc0228,xkwc0228_25,FREE_NARRATIVE,figure/diagram,0.0,0.0,0.0,0.0
xlpf0227,xlpf0227_1,FREE_NARRATIVE,layout,1.0,1.0,0.0,0.0
xlvf0001,xlvf0001_1,COMPLEX_CONTEXT,layout,1.0,1.0,0.0,0.0
xndv0228,xndv0228_1,COMPLEX_BUSINESS,layout,1.0,1.0,0.0,0.0
xpcf0004,xpcf0004_1,PII_CONTEXT,form,1.0,1.0,0.0,0.0
xsdp0078,xsdp0078_1,FREE_NARRATIVE,layout,0.9666666666666667,0.0,0.0,0.0
yghg0065,yghg0065_1,PII_CONTEXT,layout,1.0,1.0,0.0,0.0
yhxn0020,yhxn0020_1,PII_CONTEXT,layout,1.0,1.0,0.0,0.0
yjjl0226,yjjl0226_1,FREE_NARRATIVE,layout,1.0,1.0,0.0,0.0
ykmg0065,ykmg0065_1,PII_CONTEXT,form,0.0,0.0,0.0,0.0
ylvj0223,ylvj0223_21,NEGATIVE_CONTROL,layout,0.6086956521739131,0.0,0.0,0.0
yqjv0001,yqjv0001_1,FREE_NARRATIVE,Image/Photo,0.0,0.0,0.0,0.0
yrnf0227,yrnf0227_1,FREE_NARRATIVE,layout,1.0,1.0,0.0,0.0
yrpf0227,yrpf0227_3,NEGATIVE_CONTROL,Image/Photo,0.0,0.0,0.0,0.0
yxcc0228,yxcc0228_2,NEGATIVE_CONTROL,layout,1.0,1.0,0.0,0.0
zjph0227,zjph0227_4,COMPLEX_BUSINESS,layout,1.0,1.0,0.5714285714285714,0.0
zkjn0226,zkjn0226_2,PII_CONTEXT,form|layout,1.0,1.0,0.0,0.0
zlwc0228,zlwc0228_5,COMPLEX_BUSINESS,layout,0.0,0.0,0.0,0.0
zmcj0227,zmcj0227_1,COMPLEX_BUSINESS,layout,0.0,0.0,0.0,0.0
zpgw0228,zpgw0228_2,COMPLEX_CONTEXT,handwritten|form,1.0,1.0,0.0,0.0
zrdw0217,zrdw0217_1,PII_CONTEXT,layout,0.9411764705882353,0.0,0.0,0.0
ztmb0228,ztmb0228_1,FREE_NARRATIVE,free_text,0.95,0.0,0.0,0.0
zxjw0023,zxjw0023_1,PII_CONTEXT,form,1.0,1.0,0.0,0.0
zxkp0227,zxkp0227_4,COMPLEX_BUSINESS,handwritten|form,0.75,0.0,1.0,1.0
zxlf0065,zxlf0065_1,PII_CONTEXT,form,0.0,0.0,0.0,0.0
zylj0226,zylj0226_6,PII_CONTEXT,handwritten|form,0.0,0.0,0.0,0.0
zzcd0228,zzcd0228_1,PII_CONTEXT,table/list,0.8333333333333334,0.0,0.6666666666666667,0.0
